Month,MonthName,OperatingRecords,AverageDailySales,MedianDailySales,AverageCustomers,AverageSalesPerCustomer
1,January,86335,6564.3,6062.0,722.58,9.45
2,February,80239,6589.49,6079.0,731.54,9.39
3,March,85975,6976.82,6385.0,759.13,9.56
4,April,81726,7046.66,6431.0,774.32,9.47
5,May,80099,7106.81,6592.0,779.33,9.54
6,June,82571,7001.4,6365.0,759.32,9.6
7,July,85576,6953.58,6407.0,752.84,9.64
8,August,54411,6649.23,6124.0,750.41,9.25
9,September,52321,6547.47,6000.0,745.74,9.13
10,October,53291,6602.97,6105.0,752.59,9.18
11,November,51401,7188.55,6691.0,782.67,9.6
12,December,50393,8608.96,7858.0,886.63,10.05
