YearMonth,AverageDailySales,AverageCustomers,AverageSalesPerCustomer
2013-01,6240.51,706.06,9.2
2013-02,6428.84,721.25,9.28
2013-03,7213.09,787.69,9.52
2013-04,6579.79,749.06,9.17
2013-05,7077.03,791.02,9.35
2013-06,6467.75,732.78,9.25
2013-07,6923.61,758.26,9.49
2013-08,6596.37,743.24,9.26
2013-09,6363.62,727.31,9.12
2013-10,6473.35,737.19,9.19
2013-11,6904.51,758.27,9.53
2013-12,8613.46,887.67,10.04
2014-01,6540.31,727.81,9.34
2014-02,6678.54,745.49,9.33
2014-03,6654.71,740.79,9.35
2014-04,7227.59,793.02,9.48
2014-05,6948.12,767.49,9.46
2014-06,7251.21,785.22,9.6
2014-07,6893.94,765.12,9.42
2014-08,6714.31,759.24,9.24
2014-09,6758.81,766.93,9.14
2014-10,6757.6,770.95,9.15
2014-11,7539.6,812.83,9.68
2014-12,8603.81,885.43,10.07
2015-01,6913.18,733.95,9.8
2015-02,6660.52,727.84,9.55
2015-03,7071.48,750.01,9.8
2015-04,7349.11,781.78,9.77
2015-05,7308.78,780.32,9.81
2015-06,7295.62,761.54,9.94
2015-07,7033.34,737.18,9.97
