Store,OperatingDays,TotalSales,AverageDailySales,MedianDailySales,SalesStandardDeviation,AverageCustomers,MedianCustomers,AverageSalesPerCustomer,PromoDays,SalesCoefficientOfVariationPct,StoreType,Assortment,CompetitionDistance,Promo2,StoreTypeLabel,AssortmentLabel,AverageSalesRank,CustomerRank,SalesPerCustomerRank,PerformanceSegment,AverageNonPromoSales,AveragePromoSales,SalesUpliftPct,PromotionResponseSegment,StrategicCategory,RecommendedAction
271,780,6116519,7841.69,7372.0,3439.78,791.86,824.5,9.86,352,43.87,a,a,420.0,1,Type A,Basic,292,363,453,High Sales / High Footfall,5452.7,10746.49,97.09,High Promotion Response,High-Value Promotion Priority,Prioritise for regular promotions because these stores combine strong baseline performance with high promotional responsiveness.
552,781,6030778,7721.87,6621.0,3115.59,689.9,668.0,10.87,350,40.35,a,a,4260.0,1,Type A,Basic,314,533,284,High Sales / High Footfall,5412.45,10565.75,95.21,High Promotion Response,High-Value Promotion Priority,Prioritise for regular promotions because these stores combine strong baseline performance with high promotional responsiveness.
898,782,5173270,6615.43,6585.5,2874.48,710.92,745.0,9.22,353,43.45,a,a,18540.0,0,Type A,Basic,553,485,593,High Sales / High Footfall,4685.16,8961.29,91.27,High Promotion Response,High-Value Promotion Priority,Prioritise for regular promotions because these stores combine strong baseline performance with high promotional responsiveness.
156,782,5443980,6961.61,6703.0,2815.32,712.62,726.0,9.55,353,40.44,a,a,2020.0,1,Type A,Basic,484,482,524,High Sales / High Footfall,4995.24,9351.33,87.2,High Promotion Response,High-Value Promotion Priority,Prioritise for regular promotions because these stores combine strong baseline performance with high promotional responsiveness.
261,779,9828244,12616.49,11048.0,4872.38,948.93,908.0,12.93,350,38.62,d,c,15340.0,1,Type D,Extended,32,205,66,High Sales / High Footfall,9081.87,16948.92,86.62,High Promotion Response,High-Value Promotion Priority,Prioritise for regular promotions because these stores combine strong baseline performance with high promotional responsiveness.
876,766,7069345,9228.91,9042.0,4079.72,1016.98,1059.0,8.97,344,44.21,a,a,21790.0,1,Type A,Basic,148,152,649,High Sales / High Footfall,6687.77,12346.24,84.61,High Promotion Response,High-Value Promotion Priority,Prioritise for regular promotions because these stores combine strong baseline performance with high promotional responsiveness.
963,779,8385406,10764.32,10216.0,4507.55,1016.21,1029.0,10.44,351,41.87,a,c,23620.0,0,Type A,Extended,64,153,349,High Sales / High Footfall,7830.77,14341.42,83.14,High Promotion Response,High-Value Promotion Priority,Prioritise for regular promotions because these stores combine strong baseline performance with high promotional responsiveness.
745,780,5849281,7499.08,7260.5,2971.03,709.63,725.0,10.4,352,39.62,a,a,17650.0,1,Type A,Basic,355,487,359,High Sales / High Footfall,5457.26,9981.74,82.91,High Promotion Response,High-Value Promotion Priority,Prioritise for regular promotions because these stores combine strong baseline performance with high promotional responsiveness.
375,780,7148220,9164.38,8849.0,3642.62,758.98,764.0,11.86,351,39.75,a,c,15710.0,1,Type A,Extended,154,401,151,High Sales / High Footfall,6694.87,12182.68,81.97,High Promotion Response,High-Value Promotion Priority,Prioritise for regular promotions because these stores combine strong baseline performance with high promotional responsiveness.
779,780,5560247,7128.52,6961.5,2894.21,700.08,732.0,10.04,352,40.6,a,a,16990.0,0,Type A,Basic,433,510,426,High Sales / High Footfall,5246.75,9416.59,79.47,High Promotion Response,High-Value Promotion Priority,Prioritise for regular promotions because these stores combine strong baseline performance with high promotional responsiveness.
335,942,12541731,13313.94,12442.0,4762.35,2385.28,2509.5,5.5,360,35.77,b,a,90.0,1,Type B,Basic,24,9,1106,High Sales / High Footfall,10306.77,18175.53,76.35,High Promotion Response,High-Value Promotion Priority,Prioritise for regular promotions because these stores combine strong baseline performance with high promotional responsiveness.
1086,781,5996057,7677.41,7152.0,3061.35,839.13,797.0,8.9,350,39.87,a,a,180.0,1,Type A,Basic,324,306,663,High Sales / High Footfall,5769.59,10026.75,73.79,High Promotion Response,High-Value Promotion Priority,Prioritise for regular promotions because these stores combine strong baseline performance with high promotional responsiveness.
892,780,5927347,7599.16,7609.0,2802.73,780.05,807.0,9.64,352,36.88,a,a,19370.0,0,Type A,Basic,340,377,497,High Sales / High Footfall,5723.52,9879.77,72.62,High Promotion Response,High-Value Promotion Priority,Prioritise for regular promotions because these stores combine strong baseline performance with high promotional responsiveness.
798,780,5825254,7468.27,7366.0,2846.77,900.59,940.0,8.25,352,38.12,a,a,9560.0,0,Type A,Basic,360,242,780,High Sales / High Footfall,5627.34,9706.68,72.49,High Promotion Response,High-Value Promotion Priority,Prioritise for regular promotions because these stores combine strong baseline performance with high promotional responsiveness.
630,779,5403029,6935.85,6812.0,2617.21,793.58,831.0,8.64,350,37.73,a,a,1690.0,0,Type A,Basic,490,357,709,High Sales / High Footfall,5255.92,8994.97,71.14,High Promotion Response,High-Value Promotion Priority,Prioritise for regular promotions because these stores combine strong baseline performance with high promotional responsiveness.
608,780,7275038,9326.97,8931.5,3423.97,942.58,960.5,9.77,351,36.71,a,c,18370.0,1,Type A,Extended,141,210,466,High Sales / High Footfall,7095.67,12054.12,69.88,High Promotion Response,High-Value Promotion Priority,Prioritise for regular promotions because these stores combine strong baseline performance with high promotional responsiveness.
792,779,5756322,7389.37,6876.0,2445.49,691.73,680.0,10.47,350,33.09,d,a,17280.0,1,Type D,Basic,372,527,346,High Sales / High Footfall,5624.17,9553.0,69.86,High Promotion Response,High-Value Promotion Priority,Prioritise for regular promotions because these stores combine strong baseline performance with high promotional responsiveness.
1014,779,9509102,12206.81,12082.0,4571.51,1349.65,1401.0,8.95,350,37.45,a,c,210.0,1,Type A,Extended,33,54,654,High Sales / High Footfall,9297.69,15772.55,69.64,High Promotion Response,High-Value Promotion Priority,Prioritise for regular promotions because these stores combine strong baseline performance with high promotional responsiveness.
138,780,5721236,7334.92,7139.0,2728.31,714.44,745.5,10.2,352,37.2,a,c,25360.0,0,Type A,Extended,382,474,392,High Sales / High Footfall,5597.73,9447.18,68.77,High Promotion Response,High-Value Promotion Priority,Prioritise for regular promotions because these stores combine strong baseline performance with high promotional responsiveness.
1003,779,5751204,7382.8,6811.0,2604.38,773.11,746.0,9.4,350,35.28,a,a,170.0,1,Type A,Basic,373,388,547,High Sales / High Footfall,5647.34,9509.99,68.4,High Promotion Response,High-Value Promotion Priority,Prioritise for regular promotions because these stores combine strong baseline performance with high promotional responsiveness.
123,768,6450589,8399.2,8001.0,3243.67,959.78,970.5,8.6,346,38.62,a,a,16760.0,0,Type A,Basic,223,193,717,High Sales / High Footfall,6432.36,10798.08,67.87,High Promotion Response,High-Value Promotion Priority,Prioritise for regular promotions because these stores combine strong baseline performance with high promotional responsiveness.
167,780,7250708,9295.78,8773.0,3220.27,1055.18,1043.0,8.66,351,34.64,a,a,140.0,0,Type A,Basic,142,137,706,High Sales / High Footfall,7135.59,11936.02,67.27,High Promotion Response,High-Value Promotion Priority,Prioritise for regular promotions because these stores combine strong baseline performance with high promotional responsiveness.
726,780,8617965,11048.67,10555.5,3926.65,1064.53,1080.5,10.23,352,35.54,a,c,40540.0,0,Type A,Extended,55,130,386,High Sales / High Footfall,8486.3,14164.29,66.91,High Promotion Response,High-Value Promotion Priority,Prioritise for regular promotions because these stores combine strong baseline performance with high promotional responsiveness.
466,779,6007933,7712.37,7421.0,2532.5,755.76,761.0,10.1,350,32.84,a,c,3110.0,0,Type A,Extended,319,409,412,High Sales / High Footfall,5933.19,9893.13,66.74,High Promotion Response,High-Value Promotion Priority,Prioritise for regular promotions because these stores combine strong baseline performance with high promotional responsiveness.
809,779,7317626,9393.61,8503.0,3007.76,802.21,775.0,11.49,350,32.02,a,a,12770.0,0,Type A,Basic,130,348,198,High Sales / High Footfall,7269.61,11997.04,65.03,High Promotion Response,High-Value Promotion Priority,Prioritise for regular promotions because these stores combine strong baseline performance with high promotional responsiveness.
3,779,5408261,6942.57,6619.0,2193.38,750.08,744.0,9.12,350,31.59,a,a,14130.0,1,Type A,Basic,487,421,617,High Sales / High Footfall,5382.61,8854.63,64.5,High Promotion Response,High-Value Promotion Priority,Prioritise for regular promotions because these stores combine strong baseline performance with high promotional responsiveness.
652,782,5190629,6637.63,6248.0,2201.55,681.02,662.0,9.55,353,33.17,a,a,20390.0,0,Type A,Basic,545,554,525,High Sales / High Footfall,5156.77,8437.32,63.62,High Promotion Response,High-Value Promotion Priority,Prioritise for regular promotions because these stores combine strong baseline performance with high promotional responsiveness.
894,771,6529198,8468.48,7878.0,2641.82,1034.71,1016.0,8.06,349,31.2,a,a,190.0,0,Type A,Basic,214,140,832,High Sales / High Footfall,6576.6,10756.08,63.55,High Promotion Response,High-Value Promotion Priority,Prioritise for regular promotions because these stores combine strong baseline performance with high promotional responsiveness.
368,777,7526231,9686.27,9022.0,3155.42,712.88,694.0,13.32,348,32.58,d,c,1450.0,1,Type D,Extended,112,481,38,High Sales / High Footfall,7544.29,12326.81,63.39,High Promotion Response,High-Value Promotion Priority,Prioritise for regular promotions because these stores combine strong baseline performance with high promotional responsiveness.
759,779,5460897,7010.14,6574.0,2221.45,774.45,754.0,8.9,350,31.69,a,a,110.0,1,Type A,Basic,467,385,664,High Sales / High Footfall,5461.24,8908.64,63.12,High Promotion Response,High-Value Promotion Priority,Prioritise for regular promotions because these stores combine strong baseline performance with high promotional responsiveness.
662,784,6616587,8439.52,7851.0,2678.18,771.35,737.0,10.74,353,31.73,d,a,1070.0,0,Type D,Basic,217,389,299,High Sales / High Footfall,6573.84,10717.45,63.03,High Promotion Response,High-Value Promotion Priority,Prioritise for regular promotions because these stores combine strong baseline performance with high promotional responsiveness.
310,897,7388018,8236.36,8240.0,3142.93,699.67,722.0,11.54,354,38.16,a,c,2290.0,1,Type A,Extended,245,512,192,High Sales / High Footfall,6597.61,10750.05,62.94,High Promotion Response,High-Value Promotion Priority,Prioritise for regular promotions because these stores combine strong baseline performance with high promotional responsiveness.
459,784,7194572,9176.75,8620.5,2907.58,1130.2,1117.0,8.01,353,31.68,a,a,250.0,1,Type A,Basic,153,102,849,High Sales / High Footfall,7156.81,11643.02,62.68,High Promotion Response,High-Value Promotion Priority,Prioritise for regular promotions because these stores combine strong baseline performance with high promotional responsiveness.
60,780,6265808,8033.09,7460.5,2697.45,713.47,703.0,11.11,352,33.58,d,c,5540.0,0,Type D,Extended,264,476,246,High Sales / High Footfall,6274.38,10171.51,62.11,High Promotion Response,High-Value Promotion Priority,Prioritise for regular promotions because these stores combine strong baseline performance with high promotional responsiveness.
82,779,7026310,9019.65,8668.0,2796.89,838.56,844.0,10.62,350,31.01,a,a,22390.0,1,Type A,Basic,164,308,317,High Sales / High Footfall,7073.16,11405.5,61.25,High Promotion Response,High-Value Promotion Priority,Prioritise for regular promotions because these stores combine strong baseline performance with high promotional responsiveness.
526,782,8312841,10630.23,9986.0,3231.69,1456.7,1440.0,7.18,353,30.4,a,a,120.0,1,Type A,Basic,74,43,1017,High Sales / High Footfall,8345.96,13406.3,60.63,High Promotion Response,High-Value Promotion Priority,Prioritise for regular promotions because these stores combine strong baseline performance with high promotional responsiveness.
400,782,6839152,8745.72,8094.5,2797.01,1200.65,1165.0,7.15,353,31.98,a,a,70.0,1,Type A,Basic,186,82,1021,High Sales / High Footfall,6868.84,11026.68,60.53,High Promotion Response,High-Value Promotion Priority,Prioritise for regular promotions because these stores combine strong baseline performance with high promotional responsiveness.
427,623,4761741,7643.24,6853.0,2386.49,771.09,732.0,9.73,275,31.22,a,c,70.0,1,Type A,Extended,331,390,474,High Sales / High Footfall,6041.57,9670.09,60.06,High Promotion Response,High-Value Promotion Priority,Prioritise for regular promotions because these stores combine strong baseline performance with high promotional responsiveness.
290,779,5464029,7014.16,6628.0,2202.57,682.71,682.0,10.13,350,31.4,a,a,4150.0,0,Type A,Basic,465,550,404,High Sales / High Footfall,5528.88,8834.69,59.79,High Promotion Response,High-Value Promotion Priority,Prioritise for regular promotions because these stores combine strong baseline performance with high promotional responsiveness.
976,779,5433498,6974.97,6609.0,2163.97,717.74,709.0,9.57,350,31.02,a,a,4180.0,0,Type A,Basic,479,466,519,High Sales / High Footfall,5499.4,8783.59,59.72,High Promotion Response,High-Value Promotion Priority,Prioritise for regular promotions because these stores combine strong baseline performance with high promotional responsiveness.
1079,781,6783229,8685.31,7989.0,2595.38,689.33,669.0,12.42,350,29.88,a,a,16680.0,1,Type A,Basic,195,534,98,High Sales / High Footfall,6853.33,10941.27,59.65,High Promotion Response,High-Value Promotion Priority,Prioritise for regular promotions because these stores combine strong baseline performance with high promotional responsiveness.
95,780,5958064,7638.54,7303.5,2434.3,843.72,839.0,8.97,352,31.87,a,a,1890.0,0,Type A,Basic,332,297,650,High Sales / High Footfall,6028.53,9596.17,59.18,High Promotion Response,High-Value Promotion Priority,Prioritise for regular promotions because these stores combine strong baseline performance with high promotional responsiveness.
957,784,6192726,7898.89,7459.0,2509.55,850.67,841.5,9.16,353,31.77,d,c,1420.0,0,Type D,Extended,288,292,605,High Sales / High Footfall,6243.38,9920.19,58.89,High Promotion Response,High-Value Promotion Priority,Prioritise for regular promotions because these stores combine strong baseline performance with high promotional responsiveness.
392,779,5670675,7279.43,6902.0,2305.29,718.08,721.0,10.0,350,31.67,a,a,2120.0,0,Type A,Basic,397,464,433,High Sales / High Footfall,5757.18,9145.27,58.85,High Promotion Response,High-Value Promotion Priority,Prioritise for regular promotions because these stores combine strong baseline performance with high promotional responsiveness.
705,779,6206501,7967.27,7566.0,2474.76,959.33,961.0,8.19,350,31.06,a,a,4140.0,1,Type A,Basic,278,194,794,High Sales / High Footfall,6303.98,10005.98,58.72,High Promotion Response,High-Value Promotion Priority,Prioritise for regular promotions because these stores combine strong baseline performance with high promotional responsiveness.
243,623,4407146,7074.07,6466.0,2092.97,953.47,917.0,7.3,275,29.59,a,a,310.0,1,Type A,Basic,446,201,995,High Sales / High Footfall,5619.28,8915.04,58.65,High Promotion Response,High-Value Promotion Priority,Prioritise for regular promotions because these stores combine strong baseline performance with high promotional responsiveness.
846,779,7185993,9224.64,8727.0,2785.17,864.62,859.0,10.56,350,30.19,a,c,8860.0,1,Type A,Extended,149,282,332,High Sales / High Footfall,7304.76,11577.86,58.5,High Promotion Response,High-Value Promotion Priority,Prioritise for regular promotions because these stores combine strong baseline performance with high promotional responsiveness.
1112,779,7974294,10236.58,9410.0,3334.92,838.61,799.0,11.99,350,32.58,c,c,1880.0,0,Type C,Extended,85,307,137,High Sales / High Footfall,8106.67,12847.23,58.48,High Promotion Response,High-Value Promotion Priority,Prioritise for regular promotions because these stores combine strong baseline performance with high promotional responsiveness.
962,766,5125011,6690.61,6114.0,2135.91,908.75,862.5,7.24,345,31.92,c,a,260.0,0,Type C,Basic,538,235,1005,High Sales / High Footfall,5296.47,8391.88,58.44,High Promotion Response,High-Value Promotion Priority,Prioritise for regular promotions because these stores combine strong baseline performance with high promotional responsiveness.
291,780,6257971,8023.04,7777.5,2634.45,840.35,840.5,9.43,352,32.84,d,a,,0,Type D,Basic,271,305,544,High Sales / High Footfall,6357.5,10048.19,58.05,High Promotion Response,High-Value Promotion Priority,Prioritise for regular promotions because these stores combine strong baseline performance with high promotional responsiveness.
269,779,7281084,9346.71,8588.0,3023.14,1231.1,1177.0,7.47,350,32.34,a,c,60.0,0,Type A,Extended,138,77,963,High Sales / High Footfall,7414.33,11715.24,58.01,High Promotion Response,High-Value Promotion Priority,Prioritise for regular promotions because these stores combine strong baseline performance with high promotional responsiveness.
545,779,8284865,10635.26,9790.0,3024.26,1026.82,1000.0,10.23,350,28.44,a,c,5020.0,1,Type A,Extended,73,144,388,High Sales / High Footfall,8444.69,13320.27,57.74,High Promotion Response,High-Value Promotion Priority,Prioritise for regular promotions because these stores combine strong baseline performance with high promotional responsiveness.
313,782,5533037,7075.49,6763.5,2233.6,707.01,694.0,9.84,353,31.57,d,c,14160.0,0,Type D,Extended,445,490,458,High Sales / High Footfall,5618.97,8845.6,57.42,High Promotion Response,High-Value Promotion Priority,Prioritise for regular promotions because these stores combine strong baseline performance with high promotional responsiveness.
344,784,6649189,8481.11,7882.0,2549.81,1139.41,1101.0,7.32,353,30.06,a,c,300.0,1,Type A,Extended,211,100,992,High Sales / High Footfall,6743.03,10603.24,57.25,High Promotion Response,High-Value Promotion Priority,Prioritise for regular promotions because these stores combine strong baseline performance with high promotional responsiveness.
102,769,5444156,7079.53,6562.0,2344.29,1051.71,1017.0,6.6,345,33.11,a,a,150.0,1,Type A,Basic,443,138,1068,High Sales / High Footfall,5636.76,8852.66,57.05,High Promotion Response,High-Value Promotion Priority,Prioritise for regular promotions because these stores combine strong baseline performance with high promotional responsiveness.
665,773,6360621,8228.49,7791.0,2507.92,1262.45,1278.0,6.43,349,30.48,a,a,90.0,1,Type A,Basic,247,73,1080,High Sales / High Footfall,6544.76,10274.04,56.98,High Promotion Response,High-Value Promotion Priority,Prioritise for regular promotions because these stores combine strong baseline performance with high promotional responsiveness.
168,777,5840824,7517.15,7184.0,2287.2,731.24,737.0,10.16,348,30.43,a,a,12540.0,0,Type A,Basic,352,447,399,High Sales / High Footfall,5990.3,9399.39,56.91,High Promotion Response,High-Value Promotion Priority,Prioritise for regular promotions because these stores combine strong baseline performance with high promotional responsiveness.
171,779,6566306,8429.15,7891.0,2513.83,867.25,853.0,9.6,350,29.82,a,a,2640.0,0,Type A,Basic,219,277,511,High Sales / High Footfall,6714.46,10530.86,56.84,High Promotion Response,High-Value Promotion Priority,Prioritise for regular promotions because these stores combine strong baseline performance with high promotional responsiveness.
27,779,7383809,9478.57,8684.0,2915.38,1074.76,1035.0,8.68,350,30.76,a,a,60.0,1,Type A,Basic,123,127,702,High Sales / High Footfall,7555.87,11835.26,56.64,High Promotion Response,High-Value Promotion Priority,Prioritise for regular promotions because these stores combine strong baseline performance with high promotional responsiveness.
396,780,7973232,10222.09,9842.5,3455.9,1077.91,1091.5,9.44,351,33.81,a,c,23130.0,0,Type A,Extended,88,125,539,High Sales / High Footfall,8149.48,12755.28,56.52,High Promotion Response,High-Value Promotion Priority,Prioritise for regular promotions because these stores combine strong baseline performance with high promotional responsiveness.
682,942,10557379,11207.41,11113.5,3253.52,1758.84,1834.5,6.28,360,29.03,b,a,150.0,0,Type B,Basic,49,23,1091,High Sales / High Footfall,9216.67,14425.78,56.52,High Promotion Response,High-Value Promotion Priority,Prioritise for regular promotions because these stores combine strong baseline performance with high promotional responsiveness.
1053,784,7002929,8932.31,8289.5,2576.35,1009.77,969.0,8.71,353,28.84,a,a,1710.0,0,Type A,Basic,169,158,697,High Sales / High Footfall,7124.59,11139.46,56.35,High Promotion Response,High-Value Promotion Priority,Prioritise for regular promotions because these stores combine strong baseline performance with high promotional responsiveness.
234,779,8625334,11072.32,10247.0,3506.85,1024.72,990.0,10.61,350,31.67,d,a,4370.0,0,Type D,Basic,54,145,319,High Sales / High Footfall,8846.48,13800.55,56.0,High Promotion Response,High-Value Promotion Priority,Prioritise for regular promotions because these stores combine strong baseline performance with high promotional responsiveness.
709,784,7751342,9886.92,10275.5,3169.21,1297.74,1406.0,7.63,353,32.05,a,a,500.0,0,Type A,Basic,99,65,940,High Sales / High Footfall,7899.46,12313.52,55.88,High Promotion Response,High-Value Promotion Priority,Prioritise for regular promotions because these stores combine strong baseline performance with high promotional responsiveness.
35,779,7558693,9703.07,9127.0,2998.39,729.65,711.0,13.06,350,30.9,d,c,7660.0,1,Type D,Extended,111,450,51,High Sales / High Footfall,7756.1,12089.51,55.87,High Promotion Response,High-Value Promotion Priority,Prioritise for regular promotions because these stores combine strong baseline performance with high promotional responsiveness.
814,782,6628829,8476.76,8146.5,2607.11,695.27,687.5,12.01,353,30.76,d,c,24530.0,0,Type D,Extended,212,523,134,High Sales / High Footfall,6773.15,10547.16,55.72,High Promotion Response,High-Value Promotion Priority,Prioritise for regular promotions because these stores combine strong baseline performance with high promotional responsiveness.
178,780,7870142,10089.93,9459.0,2946.74,923.57,909.0,10.76,352,29.2,d,a,1710.0,0,Type D,Basic,94,220,295,High Sales / High Footfall,8065.72,12551.18,55.61,High Promotion Response,High-Value Promotion Priority,Prioritise for regular promotions because these stores combine strong baseline performance with high promotional responsiveness.
506,779,5905867,7581.34,7019.0,2180.04,841.7,825.0,8.89,350,28.76,a,a,1850.0,1,Type A,Basic,343,303,666,High Sales / High Footfall,6069.94,9433.9,55.42,High Promotion Response,High-Value Promotion Priority,Prioritise for regular promotions because these stores combine strong baseline performance with high promotional responsiveness.
97,780,5228649,6703.4,6500.5,2000.31,688.83,687.0,9.63,352,29.84,d,c,8980.0,0,Type D,Extended,533,537,501,High Sales / High Footfall,5370.13,8324.52,55.02,High Promotion Response,High-Value Promotion Priority,Prioritise for regular promotions because these stores combine strong baseline performance with high promotional responsiveness.
67,777,6083079,7828.93,7401.0,2188.94,798.32,791.0,9.7,348,27.96,a,c,410.0,0,Type A,Extended,293,352,481,High Sales / High Footfall,6290.41,9725.55,54.61,High Promotion Response,High-Value Promotion Priority,Prioritise for regular promotions because these stores combine strong baseline performance with high promotional responsiveness.
544,780,10993709,14094.5,13180.0,4209.37,1845.07,1806.0,7.54,352,29.87,a,a,250.0,1,Type A,Basic,18,19,955,High Sales / High Footfall,11326.31,17460.36,54.16,High Promotion Response,High-Value Promotion Priority,Prioritise for regular promotions because these stores combine strong baseline performance with high promotional responsiveness.
1026,779,7397085,9495.62,8964.0,2753.18,1180.29,1144.0,7.93,350,28.99,c,a,450.0,1,Type C,Basic,122,86,867,High Sales / High Footfall,7641.14,11768.68,54.02,High Promotion Response,High-Value Promotion Priority,Prioritise for regular promotions because these stores combine strong baseline performance with high promotional responsiveness.
1032,780,7172255,9195.2,8929.5,2936.95,964.28,980.0,9.48,351,31.94,d,c,270.0,1,Type D,Extended,151,190,535,High Sales / High Footfall,7401.5,11387.5,53.85,High Promotion Response,High-Value Promotion Priority,Prioritise for regular promotions because these stores combine strong baseline performance with high promotional responsiveness.
71,779,7058595,9061.1,8514.0,2583.33,746.92,725.0,11.97,350,28.51,a,a,17500.0,1,Type A,Basic,161,423,139,High Sales / High Footfall,7301.18,11218.25,53.65,High Promotion Response,High-Value Promotion Priority,Prioritise for regular promotions because these stores combine strong baseline performance with high promotional responsiveness.
913,776,6900317,8892.16,8506.5,2469.65,1162.46,1140.5,7.54,348,27.77,a,a,280.0,0,Type A,Basic,172,90,954,High Sales / High Footfall,7169.83,11010.43,53.57,High Promotion Response,High-Value Promotion Priority,Prioritise for regular promotions because these stores combine strong baseline performance with high promotional responsiveness.
57,769,8155633,10605.5,9759.0,3687.77,989.81,946.0,10.54,347,34.77,d,c,420.0,0,Type D,Extended,76,173,334,High Sales / High Footfall,8542.18,13114.8,53.53,High Promotion Response,High-Value Promotion Priority,Prioritise for regular promotions because these stores combine strong baseline performance with high promotional responsiveness.
863,887,6836861,7707.85,7872.0,2765.46,918.7,973.0,8.28,354,35.88,a,c,21370.0,0,Type A,Extended,321,227,772,High Sales / High Footfall,6351.66,9749.79,53.5,High Promotion Response,High-Value Promotion Priority,Prioritise for regular promotions because these stores combine strong baseline performance with high promotional responsiveness.
831,779,9884733,12689.0,11761.0,3617.68,1576.96,1536.0,7.94,350,28.51,a,a,800.0,0,Type A,Basic,31,34,865,High Sales / High Footfall,10231.76,15700.89,53.45,High Promotion Response,High-Value Promotion Priority,Prioritise for regular promotions because these stores combine strong baseline performance with high promotional responsiveness.
207,784,8768418,11184.21,10431.0,3256.12,1300.38,1270.0,8.47,353,29.11,a,a,6870.0,0,Type A,Basic,50,62,741,High Sales / High Footfall,9017.3,13829.92,53.37,High Promotion Response,High-Value Promotion Priority,Prioritise for regular promotions because these stores combine strong baseline performance with high promotional responsiveness.
297,777,5432839,6992.07,6532.0,1947.91,719.93,706.0,9.6,348,27.86,a,a,2300.0,0,Type A,Basic,474,461,513,High Sales / High Footfall,5651.44,8644.74,52.97,High Promotion Response,High-Value Promotion Priority,Prioritise for regular promotions because these stores combine strong baseline performance with high promotional responsiveness.
933,780,5718554,7331.48,7261.5,2417.79,905.29,928.0,7.98,352,32.98,a,c,6270.0,0,Type A,Extended,383,238,855,High Sales / High Footfall,5917.27,9051.03,52.96,High Promotion Response,High-Value Promotion Priority,Prioritise for regular promotions because these stores combine strong baseline performance with high promotional responsiveness.
474,782,5885972,7526.82,7311.5,2187.54,736.81,741.0,10.09,353,29.06,c,a,14810.0,1,Type C,Basic,350,440,416,High Sales / High Footfall,6076.68,9289.17,52.87,High Promotion Response,High-Value Promotion Priority,Prioritise for regular promotions because these stores combine strong baseline performance with high promotional responsiveness.
917,779,5221594,6702.94,6504.0,2004.14,741.29,747.0,8.96,350,29.9,a,a,7240.0,0,Type A,Basic,534,432,651,High Sales / High Footfall,5426.57,8267.41,52.35,High Promotion Response,High-Value Promotion Priority,Prioritise for regular promotions because these stores combine strong baseline performance with high promotional responsiveness.
384,782,6937572,8871.58,8468.0,2967.19,998.86,993.5,8.76,353,33.45,a,c,130.0,1,Type A,Extended,176,166,687,High Sales / High Footfall,7179.57,10927.86,52.21,High Promotion Response,High-Value Promotion Priority,Prioritise for regular promotions because these stores combine strong baseline performance with high promotional responsiveness.
528,779,8338762,10704.44,10083.0,2894.94,955.45,927.0,11.06,350,27.04,a,c,20620.0,1,Type A,Extended,70,198,256,High Sales / High Footfall,8676.3,13190.37,52.03,High Promotion Response,High-Value Promotion Priority,Prioritise for regular promotions because these stores combine strong baseline performance with high promotional responsiveness.
928,779,6243438,8014.68,7592.0,2482.28,692.61,678.0,11.39,350,30.97,d,c,1090.0,1,Type D,Extended,272,526,213,High Sales / High Footfall,6498.63,9872.93,51.92,High Promotion Response,High-Value Promotion Priority,Prioritise for regular promotions because these stores combine strong baseline performance with high promotional responsiveness.
1027,623,8163847,13104.09,12170.0,3754.72,1657.93,1612.0,7.79,275,28.65,a,c,190.0,1,Type A,Extended,26,28,906,High Sales / High Footfall,10665.01,16190.63,51.81,High Promotion Response,High-Value Promotion Priority,Prioritise for regular promotions because these stores combine strong baseline performance with high promotional responsiveness.
