Store,AverageNonPromoSales,AveragePromoSales,SalesUpliftPct,StoreTypeLabel,AssortmentLabel,CompetitionDistance,Promo2,PromotionResponseSegment
1,4319.76,5300.11,22.69,Type C,Basic,1270.0,0,Low Promotion Response
2,3864.29,6277.44,62.45,Type A,Basic,570.0,1,High Promotion Response
3,5382.61,8854.63,64.5,Type A,Basic,14130.0,1,High Promotion Response
4,8870.35,10576.16,19.23,Type C,Extended,620.0,0,Low Promotion Response
5,3511.41,6096.68,73.63,Type A,Basic,29910.0,0,High Promotion Response
6,4578.64,6642.33,45.07,Type A,Basic,310.0,0,Moderate Promotion Response
7,7419.02,10523.13,41.84,Type A,Extended,24000.0,0,Moderate Promotion Response
8,4250.44,7113.08,67.35,Type A,Basic,7520.0,0,High Promotion Response
9,5735.0,7576.42,32.11,Type A,Extended,2030.0,0,Moderate Promotion Response
10,4961.5,6309.45,27.17,Type A,Basic,3160.0,0,Low Promotion Response
11,7048.81,9230.16,30.95,Type A,Extended,960.0,1,Moderate Promotion Response
12,6199.72,9286.59,49.79,Type A,Extended,1070.0,1,Moderate Promotion Response
13,3921.01,6445.22,64.38,Type D,Basic,310.0,1,High Promotion Response
14,4538.32,6697.81,47.58,Type A,Basic,1300.0,1,Moderate Promotion Response
15,5680.88,7883.99,38.78,Type D,Extended,4110.0,1,Moderate Promotion Response
16,6462.6,9182.28,42.08,Type A,Extended,3270.0,0,Moderate Promotion Response
17,4620.8,8419.73,82.21,Type A,Basic,50.0,1,High Promotion Response
18,5480.0,7873.14,43.67,Type D,Extended,13840.0,1,Moderate Promotion Response
19,5245.26,7959.87,51.75,Type A,Extended,3240.0,1,Moderate Promotion Response
20,6819.33,8960.94,31.4,Type D,Basic,2340.0,1,Moderate Promotion Response
21,4276.17,6969.21,62.98,Type C,Extended,550.0,1,High Promotion Response
22,3794.75,5452.46,43.68,Type A,Basic,1040.0,1,Moderate Promotion Response
23,4479.89,6795.51,51.69,Type D,Basic,4060.0,0,Moderate Promotion Response
24,7818.17,11312.8,44.7,Type A,Extended,4590.0,1,Moderate Promotion Response
25,9663.42,13003.63,34.57,Type C,Basic,430.0,0,Moderate Promotion Response
26,5394.02,8224.45,52.47,Type D,Basic,2300.0,0,High Promotion Response
27,7555.87,11835.26,56.64,Type A,Basic,60.0,1,High Promotion Response
28,4064.84,6836.96,68.2,Type A,Basic,1200.0,1,High Promotion Response
29,6175.61,8822.35,42.86,Type D,Extended,2170.0,0,Moderate Promotion Response
30,4449.98,6336.22,42.39,Type A,Basic,40.0,1,Moderate Promotion Response
31,5173.25,6703.89,29.59,Type D,Extended,9800.0,0,Moderate Promotion Response
32,3162.98,5213.73,64.84,Type A,Basic,2910.0,1,High Promotion Response
33,7598.47,9464.04,24.55,Type A,Extended,1320.0,0,Low Promotion Response
34,7166.63,9087.44,26.8,Type C,Basic,2240.0,0,Low Promotion Response
35,7756.1,12089.51,55.87,Type D,Extended,7660.0,1,High Promotion Response
36,8805.24,10072.84,14.4,Type A,Extended,540.0,1,Low Promotion Response
37,6305.84,8102.13,28.49,Type C,Basic,4230.0,0,Low Promotion Response
38,4938.3,7311.68,48.06,Type D,Basic,1090.0,0,Moderate Promotion Response
39,3644.67,6333.12,73.76,Type A,Basic,260.0,1,High Promotion Response
40,4492.9,5405.9,20.32,Type A,Basic,180.0,1,Low Promotion Response
41,4827.54,5979.65,23.87,Type D,Extended,1180.0,1,Low Promotion Response
42,8583.53,12132.67,41.35,Type A,Extended,290.0,1,Moderate Promotion Response
43,5495.59,8449.83,53.76,Type D,Basic,4880.0,1,High Promotion Response
44,4367.66,6834.79,56.49,Type A,Basic,540.0,0,High Promotion Response
45,4679.41,6168.54,31.82,Type D,Basic,9710.0,0,Moderate Promotion Response
46,4340.87,6636.86,52.89,Type C,Basic,1200.0,1,High Promotion Response
47,6035.25,8500.2,40.84,Type A,Extended,270.0,1,Moderate Promotion Response
48,3404.65,4582.46,34.59,Type A,Basic,1060.0,0,Moderate Promotion Response
49,6452.71,8353.69,29.46,Type D,Extended,18010.0,0,Moderate Promotion Response
50,3562.85,5105.76,43.31,Type D,Basic,6260.0,0,Moderate Promotion Response
51,6120.21,7380.28,20.59,Type A,Extended,10570.0,1,Low Promotion Response
52,6406.05,8680.43,35.5,Type D,Extended,450.0,1,Moderate Promotion Response
53,4399.29,6321.57,43.7,Type A,Extended,30360.0,0,Moderate Promotion Response
54,7158.33,8819.71,23.21,Type D,Extended,7170.0,1,Low Promotion Response
55,3646.13,5757.58,57.91,Type A,Basic,720.0,0,High Promotion Response
56,6654.76,8143.11,22.37,Type D,Extended,6620.0,1,Low Promotion Response
57,8542.18,13114.8,53.53,Type D,Extended,420.0,0,High Promotion Response
58,5327.9,7612.07,42.87,Type A,Extended,7340.0,1,Moderate Promotion Response
59,4277.34,6988.8,63.39,Type A,Extended,2840.0,1,High Promotion Response
60,6274.38,10171.51,62.11,Type D,Extended,5540.0,0,High Promotion Response
61,4201.52,5363.64,27.66,Type A,Extended,350.0,1,Low Promotion Response
62,5343.44,7926.21,48.34,Type A,Basic,2050.0,0,Moderate Promotion Response
63,6031.87,8085.2,34.04,Type C,Extended,3700.0,1,Moderate Promotion Response
64,8948.59,12088.93,35.09,Type D,Extended,22560.0,1,Moderate Promotion Response
65,4018.41,6450.59,60.53,Type A,Extended,13840.0,1,High Promotion Response
66,5563.72,6793.16,22.1,Type D,Basic,7660.0,1,Low Promotion Response
67,6290.41,9725.55,54.61,Type A,Extended,410.0,0,High Promotion Response
68,7320.28,7859.92,7.37,Type A,Extended,250.0,1,Low Promotion Response
69,8207.16,10927.93,33.15,Type C,Extended,1130.0,1,Moderate Promotion Response
70,5593.16,7854.21,40.43,Type C,Extended,4840.0,0,Moderate Promotion Response
71,7301.18,11218.25,53.65,Type A,Basic,17500.0,1,High Promotion Response
72,3182.93,5985.52,88.05,Type A,Basic,2200.0,1,High Promotion Response
73,3754.45,5581.25,48.66,Type A,Extended,1650.0,0,Moderate Promotion Response
74,5251.35,7493.01,42.69,Type A,Basic,330.0,0,Moderate Promotion Response
75,5581.92,6562.55,17.57,Type D,Extended,22440.0,0,Low Promotion Response
76,7939.31,10341.23,30.25,Type D,Extended,19960.0,0,Moderate Promotion Response
77,6519.26,8978.8,37.73,Type D,Extended,1090.0,1,Moderate Promotion Response
78,3014.79,4576.31,51.8,Type A,Basic,3510.0,1,Moderate Promotion Response
79,4428.07,6763.91,52.75,Type A,Basic,3320.0,0,High Promotion Response
80,6773.3,8649.52,27.7,Type D,Basic,7910.0,0,Low Promotion Response
81,6706.9,7339.77,9.44,Type A,Basic,2370.0,1,Low Promotion Response
82,7073.16,11405.5,61.25,Type A,Basic,22390.0,1,High Promotion Response
83,3329.25,4572.21,37.33,Type A,Basic,2710.0,0,Moderate Promotion Response
84,11140.72,15181.0,36.27,Type A,Extended,11810.0,0,Moderate Promotion Response
85,7100.61,7550.27,6.33,Type B,Basic,1870.0,0,Low Promotion Response
86,3773.16,5828.19,54.46,Type A,Basic,480.0,1,High Promotion Response
87,4837.26,7120.19,47.19,Type A,Basic,560.0,0,Moderate Promotion Response
88,4351.85,8068.71,85.41,Type A,Basic,10690.0,0,High Promotion Response
89,5214.78,6932.22,32.93,Type A,Basic,2380.0,1,Moderate Promotion Response
90,7310.19,9769.96,33.65,Type A,Basic,330.0,0,Moderate Promotion Response
91,4751.95,6551.05,37.86,Type C,Basic,2410.0,1,Moderate Promotion Response
92,4845.85,7407.28,52.86,Type C,Basic,240.0,1,High Promotion Response
93,4681.86,7538.16,61.01,Type A,Basic,16690.0,1,High Promotion Response
94,5768.0,8779.71,52.21,Type D,Extended,14620.0,0,High Promotion Response
95,6028.53,9596.17,59.18,Type A,Basic,1890.0,0,High Promotion Response
96,3638.35,7047.62,93.7,Type A,Basic,8780.0,1,High Promotion Response
97,5370.13,8324.52,55.02,Type D,Extended,8980.0,0,High Promotion Response
98,4415.61,5960.83,34.99,Type D,Extended,15140.0,1,Moderate Promotion Response
99,4461.71,5979.96,34.03,Type C,Extended,2030.0,1,Moderate Promotion Response
100,7417.29,8668.45,16.87,Type D,Basic,17930.0,0,Low Promotion Response
101,6508.99,8643.08,32.79,Type D,Extended,2440.0,1,Moderate Promotion Response
102,5636.76,8852.66,57.05,Type A,Basic,150.0,1,High Promotion Response
103,4195.72,5304.52,26.43,Type D,Extended,5210.0,0,Low Promotion Response
104,9795.01,10531.32,7.52,Type A,Basic,390.0,0,Low Promotion Response
105,3625.3,5445.76,50.22,Type A,Extended,6190.0,1,Moderate Promotion Response
106,7523.11,10052.81,33.63,Type A,Basic,1390.0,0,Moderate Promotion Response
107,6746.16,8057.48,19.44,Type A,Basic,1930.0,0,Low Promotion Response
108,10292.03,11979.44,16.4,Type D,Extended,2190.0,0,Low Promotion Response
109,5668.0,7436.61,31.2,Type A,Extended,3300.0,0,Moderate Promotion Response
110,3970.71,5222.71,31.53,Type A,Extended,46590.0,0,Moderate Promotion Response
111,5800.86,7967.33,37.35,Type D,Extended,7890.0,1,Moderate Promotion Response
112,5954.61,6565.02,10.25,Type A,Basic,1630.0,0,Low Promotion Response
113,6664.91,7877.51,18.19,Type D,Extended,20930.0,0,Low Promotion Response
114,4643.66,6200.37,33.52,Type C,Basic,4510.0,1,Moderate Promotion Response
115,7008.59,7832.85,11.76,Type D,Extended,5740.0,1,Low Promotion Response
116,6405.02,8378.1,30.81,Type A,Basic,680.0,0,Moderate Promotion Response
117,3172.21,4751.9,49.8,Type A,Basic,3450.0,0,Moderate Promotion Response
118,6509.0,9336.21,43.44,Type D,Extended,3580.0,0,Moderate Promotion Response
119,5134.24,7068.36,37.67,Type A,Extended,2100.0,0,Moderate Promotion Response
120,5990.26,8489.1,41.71,Type D,Basic,2290.0,1,Moderate Promotion Response
121,3583.99,5510.01,53.74,Type A,Basic,3570.0,1,High Promotion Response
122,5686.35,7625.52,34.1,Type A,Extended,58260.0,0,Moderate Promotion Response
123,6432.36,10798.08,67.87,Type A,Basic,16760.0,0,High Promotion Response
124,3805.42,5182.53,36.19,Type A,Basic,1410.0,0,Moderate Promotion Response
125,10171.26,13870.47,36.37,Type A,Basic,760.0,0,Moderate Promotion Response
126,5363.28,7910.55,47.49,Type D,Basic,3370.0,1,Moderate Promotion Response
127,4308.95,6414.03,48.85,Type D,Basic,1350.0,1,Moderate Promotion Response
128,6425.98,8721.43,35.72,Type D,Extended,2000.0,1,Moderate Promotion Response
129,8012.8,10726.27,33.86,Type A,Basic,2460.0,1,Moderate Promotion Response
130,4552.88,5820.74,27.85,Type C,Basic,900.0,1,Low Promotion Response
131,4565.31,6145.78,34.62,Type C,Basic,920.0,0,Moderate Promotion Response
132,5586.9,7167.68,28.29,Type D,Extended,1040.0,1,Low Promotion Response
133,5053.64,8186.34,61.99,Type A,Basic,270.0,1,High Promotion Response
134,4150.45,5428.49,30.79,Type A,Basic,1200.0,0,Moderate Promotion Response
135,5308.45,6745.41,27.07,Type D,Basic,5190.0,1,Low Promotion Response
136,4482.0,6767.55,50.99,Type A,Extended,2200.0,1,Moderate Promotion Response
137,7324.33,9482.38,29.46,Type A,Basic,1730.0,1,Moderate Promotion Response
138,5597.73,9447.18,68.77,Type A,Extended,25360.0,0,High Promotion Response
139,5360.64,7865.69,46.73,Type A,Basic,1700.0,1,Moderate Promotion Response
140,6498.54,8664.17,33.32,Type A,Extended,1090.0,1,Moderate Promotion Response
141,4594.84,6706.81,45.96,Type C,Extended,1540.0,1,Moderate Promotion Response
142,3998.02,5346.69,33.73,Type A,Basic,1090.0,0,Moderate Promotion Response
143,5106.61,7795.59,52.66,Type D,Basic,2930.0,0,High Promotion Response
144,6823.51,8864.33,29.91,Type A,Extended,16570.0,0,Moderate Promotion Response
145,6998.83,10035.29,43.39,Type A,Basic,280.0,1,Moderate Promotion Response
146,6590.6,9310.94,41.28,Type D,Extended,8050.0,1,Moderate Promotion Response
147,7153.49,9510.67,32.95,Type D,Extended,8540.0,0,Moderate Promotion Response
148,7693.29,9793.61,27.3,Type A,Basic,2090.0,0,Low Promotion Response
149,4569.36,6835.17,49.59,Type D,Basic,2610.0,1,Moderate Promotion Response
150,7258.88,9831.56,35.44,Type C,Extended,31830.0,0,Moderate Promotion Response
151,5629.13,8132.76,44.48,Type D,Extended,4360.0,0,Moderate Promotion Response
152,4187.41,7202.21,72.0,Type A,Basic,1780.0,0,High Promotion Response
153,5142.48,9425.49,83.29,Type A,Basic,16240.0,1,High Promotion Response
154,7508.42,10251.19,36.53,Type D,Extended,16420.0,0,Moderate Promotion Response
155,6024.56,7978.04,32.43,Type D,Basic,3050.0,1,Moderate Promotion Response
156,4995.24,9351.33,87.2,Type A,Basic,2020.0,1,High Promotion Response
157,8134.34,11669.78,43.46,Type A,Extended,2950.0,0,Moderate Promotion Response
158,7677.94,8743.89,13.88,Type D,Extended,11840.0,1,Low Promotion Response
159,6359.31,9506.7,49.49,Type D,Basic,8530.0,0,Moderate Promotion Response
160,4842.7,6824.11,40.92,Type D,Extended,17110.0,0,Moderate Promotion Response
161,6501.55,8173.17,25.71,Type A,Extended,2970.0,0,Low Promotion Response
162,6474.28,9361.41,44.59,Type D,Extended,5340.0,1,Moderate Promotion Response
163,6670.82,8065.33,20.9,Type A,Basic,1480.0,0,Low Promotion Response
164,4860.86,7917.77,62.89,Type A,Basic,1160.0,1,High Promotion Response
165,3374.67,4787.03,41.85,Type A,Basic,3720.0,1,Moderate Promotion Response
166,5212.91,6562.44,25.89,Type A,Extended,100.0,1,Low Promotion Response
167,7135.59,11936.02,67.27,Type A,Basic,140.0,0,High Promotion Response
168,5990.3,9399.39,56.91,Type A,Basic,12540.0,0,High Promotion Response
169,6377.15,8257.03,29.48,Type D,Basic,980.0,1,Moderate Promotion Response
170,4211.22,5987.83,42.19,Type A,Basic,1070.0,1,Moderate Promotion Response
171,6714.46,10530.86,56.84,Type A,Basic,2640.0,0,High Promotion Response
172,6523.18,7563.99,15.96,Type A,Basic,110.0,1,Low Promotion Response
173,6912.71,9844.55,42.41,Type A,Basic,350.0,0,Moderate Promotion Response
174,5587.83,6379.43,14.17,Type A,Basic,13090.0,1,Low Promotion Response
175,5128.63,6585.4,28.4,Type C,Basic,4130.0,0,Low Promotion Response
176,4120.92,6696.64,62.5,Type A,Basic,3770.0,0,High Promotion Response
177,3047.44,5151.12,69.03,Type A,Basic,1250.0,1,High Promotion Response
178,8065.72,12551.18,55.61,Type D,Basic,1710.0,0,High Promotion Response
179,6106.84,8751.96,43.31,Type A,Extended,480.0,0,Moderate Promotion Response
180,6343.06,8290.84,30.71,Type D,Basic,5800.0,0,Moderate Promotion Response
181,4804.02,8380.44,74.45,Type A,Basic,12610.0,1,High Promotion Response
182,4605.21,6165.97,33.89,Type D,Extended,1390.0,1,Moderate Promotion Response
183,4061.82,5780.58,42.32,Type A,Basic,9670.0,0,Moderate Promotion Response
184,5558.07,7865.08,41.51,Type D,Extended,3560.0,0,Moderate Promotion Response
185,5982.97,8620.69,44.09,Type D,Extended,1860.0,0,Moderate Promotion Response
186,3205.78,4518.01,40.93,Type A,Basic,290.0,1,Moderate Promotion Response
187,5287.32,7491.43,41.69,Type A,Extended,19360.0,0,Moderate Promotion Response
188,4054.38,6130.01,51.19,Type D,Basic,850.0,1,Moderate Promotion Response
189,7516.46,10290.74,36.91,Type D,Basic,5760.0,0,Moderate Promotion Response
190,6276.96,8369.96,33.34,Type A,Basic,1470.0,1,Moderate Promotion Response
191,6449.0,7334.19,13.73,Type A,Basic,1100.0,1,Low Promotion Response
192,8357.55,9854.17,17.91,Type D,Extended,2770.0,1,Low Promotion Response
193,4218.46,6771.79,60.53,Type A,Basic,520.0,0,High Promotion Response
194,4345.77,5425.8,24.85,Type D,Extended,16970.0,1,Low Promotion Response
195,9307.44,12436.21,33.62,Type A,Extended,220.0,0,Moderate Promotion Response
196,4347.2,6272.6,44.29,Type C,Basic,3850.0,1,Moderate Promotion Response
197,5683.23,8267.19,45.47,Type C,Basic,4210.0,0,Moderate Promotion Response
198,1753.46,4294.73,144.93,Type A,Basic,290.0,1,High Promotion Response
199,6769.31,9409.87,39.01,Type D,Extended,6360.0,1,Moderate Promotion Response
200,6923.72,8717.25,25.9,Type A,Basic,1650.0,0,Low Promotion Response
201,4689.79,5935.22,26.56,Type D,Basic,20260.0,1,Low Promotion Response
202,5419.71,6861.4,26.6,Type D,Extended,5140.0,0,Low Promotion Response
203,5884.69,7868.76,33.72,Type C,Extended,490.0,0,Moderate Promotion Response
204,4878.24,6258.46,28.29,Type A,Basic,5630.0,1,Low Promotion Response
205,5382.41,7946.32,47.64,Type A,Basic,110.0,0,Moderate Promotion Response
206,5889.54,8711.77,47.92,Type A,Extended,380.0,1,Moderate Promotion Response
207,9017.3,13829.92,53.37,Type A,Basic,6870.0,0,High Promotion Response
208,2625.74,3315.46,26.27,Type C,Basic,300.0,0,Low Promotion Response
209,4734.55,6860.4,44.9,Type A,Extended,11680.0,1,Moderate Promotion Response
210,2649.89,3860.89,45.7,Type D,Basic,970.0,1,Moderate Promotion Response
211,10858.14,15602.57,43.69,Type A,Extended,350.0,0,Moderate Promotion Response
212,4018.37,5700.28,41.86,Type A,Extended,15050.0,0,Moderate Promotion Response
213,6824.97,9731.91,42.59,Type D,Extended,4030.0,1,Moderate Promotion Response
214,8267.28,10636.77,28.66,Type D,Basic,8650.0,1,Low Promotion Response
215,5172.8,7758.09,49.98,Type D,Basic,150.0,1,Moderate Promotion Response
216,6083.59,8632.76,41.9,Type C,Basic,190.0,1,Moderate Promotion Response
217,4194.34,5319.36,26.82,Type C,Basic,3150.0,0,Low Promotion Response
218,4063.17,6232.01,53.38,Type A,Extended,640.0,1,High Promotion Response
219,2628.85,3752.53,42.74,Type A,Basic,1640.0,0,Moderate Promotion Response
220,4053.37,5955.61,46.93,Type A,Basic,1000.0,0,Moderate Promotion Response
221,5106.96,6694.68,31.09,Type D,Extended,13530.0,0,Moderate Promotion Response
222,3971.81,6216.42,56.51,Type A,Basic,2170.0,0,High Promotion Response
223,5907.56,8843.53,49.7,Type D,Extended,2920.0,1,Moderate Promotion Response
224,5797.12,7656.18,32.07,Type D,Extended,7930.0,1,Moderate Promotion Response
225,4277.54,6314.42,47.62,Type D,Basic,10180.0,0,Moderate Promotion Response
226,6156.88,8612.37,39.88,Type A,Basic,450.0,0,Moderate Promotion Response
227,5028.36,7251.41,44.21,Type A,Basic,2370.0,0,Moderate Promotion Response
228,7192.51,8869.88,23.32,Type D,Extended,10800.0,1,Low Promotion Response
229,7321.02,10268.63,40.26,Type D,Extended,17410.0,1,Moderate Promotion Response
230,6777.54,8518.99,25.69,Type D,Extended,6680.0,0,Low Promotion Response
231,4018.91,5724.57,42.44,Type D,Extended,3840.0,1,Moderate Promotion Response
232,2836.9,4040.96,42.44,Type C,Extended,13570.0,1,Moderate Promotion Response
233,8300.96,10822.77,30.38,Type A,Basic,1890.0,0,Moderate Promotion Response
234,8846.48,13800.55,56.0,Type D,Basic,4370.0,0,High Promotion Response
235,4573.23,7612.92,66.47,Type A,Basic,5710.0,1,High Promotion Response
236,5831.49,8692.26,49.06,Type A,Basic,1000.0,0,Moderate Promotion Response
237,4132.64,5028.47,21.68,Type A,Basic,1420.0,0,Low Promotion Response
238,6456.43,9166.95,41.98,Type A,Basic,320.0,1,Moderate Promotion Response
239,4318.23,5994.15,38.81,Type D,Extended,610.0,0,Moderate Promotion Response
240,4180.86,5582.68,33.53,Type A,Basic,1110.0,0,Moderate Promotion Response
241,5834.09,7501.46,28.58,Type D,Extended,780.0,0,Low Promotion Response
242,3147.53,5257.49,67.04,Type D,Basic,6880.0,1,High Promotion Response
243,5619.28,8915.04,58.65,Type A,Basic,310.0,1,High Promotion Response
244,4212.48,6568.67,55.93,Type D,Basic,710.0,1,High Promotion Response
245,8104.21,9874.74,21.85,Type A,Extended,1310.0,0,Low Promotion Response
246,6172.77,8190.03,32.68,Type C,Basic,4660.0,0,Moderate Promotion Response
247,7092.68,10404.19,46.69,Type D,Extended,70.0,1,Moderate Promotion Response
248,7420.57,9511.84,28.18,Type A,Extended,340.0,1,Low Promotion Response
249,4653.4,6057.99,30.18,Type D,Extended,18010.0,0,Moderate Promotion Response
250,6902.94,10401.11,50.68,Type D,Basic,3520.0,1,Moderate Promotion Response
251,17378.73,21261.13,22.34,Type A,Extended,340.0,0,Low Promotion Response
252,8721.22,12937.37,48.34,Type D,Extended,22330.0,1,Moderate Promotion Response
253,4409.95,7385.23,67.47,Type A,Extended,250.0,1,High Promotion Response
254,2637.79,3457.29,31.07,Type D,Basic,330.0,1,Moderate Promotion Response
255,5510.98,7202.86,30.7,Type C,Extended,4630.0,1,Moderate Promotion Response
256,8292.44,11727.44,41.42,Type A,Extended,80.0,1,Moderate Promotion Response
257,4468.46,6394.32,43.1,Type A,Basic,420.0,0,Moderate Promotion Response
258,4980.77,6482.03,30.14,Type A,Basic,27190.0,1,Moderate Promotion Response
259,11311.57,12212.69,7.97,Type B,Extra,210.0,0,Low Promotion Response
260,6232.68,6959.64,11.66,Type A,Basic,540.0,0,Low Promotion Response
261,9081.87,16948.92,86.62,Type D,Extended,15340.0,1,High Promotion Response
262,20549.64,20991.54,2.15,Type B,Basic,1180.0,0,Low Promotion Response
263,3576.16,3874.35,8.34,Type A,Extended,1140.0,1,Low Promotion Response
264,5890.8,8875.35,50.66,Type A,Basic,180.0,0,Moderate Promotion Response
265,3755.39,6425.0,71.09,Type A,Basic,4580.0,1,High Promotion Response
266,3577.06,5377.93,50.35,Type A,Extended,360.0,1,Moderate Promotion Response
267,8780.52,9910.19,12.87,Type C,Basic,2460.0,0,Low Promotion Response
268,3895.81,6084.27,56.17,Type A,Basic,4520.0,0,High Promotion Response
269,7414.33,11715.24,58.01,Type A,Extended,60.0,0,High Promotion Response
270,8379.23,10405.63,24.18,Type A,Basic,1450.0,0,Low Promotion Response
271,5452.7,10746.49,97.09,Type A,Basic,420.0,1,High Promotion Response
272,4695.55,8135.89,73.27,Type A,Basic,16180.0,1,High Promotion Response
273,5767.79,8643.1,49.85,Type A,Extended,8480.0,0,Moderate Promotion Response
274,4182.44,3891.88,-6.95,Type B,Extra,3640.0,1,Low Promotion Response
275,6501.8,8640.3,32.89,Type D,Basic,300.0,1,Moderate Promotion Response
276,3287.88,5067.95,54.14,Type A,Basic,2960.0,1,High Promotion Response
277,5424.88,7739.54,42.67,Type D,Extended,7840.0,1,Moderate Promotion Response
278,6076.2,8443.68,38.96,Type A,Extended,9260.0,0,Moderate Promotion Response
279,7351.51,10816.7,47.14,Type D,Extended,2320.0,1,Moderate Promotion Response
280,5641.76,7038.86,24.76,Type D,Extended,18640.0,1,Low Promotion Response
281,5289.17,6558.33,24.0,Type D,Extended,6970.0,0,Low Promotion Response
282,3689.57,5286.48,43.28,Type A,Basic,1220.0,0,Moderate Promotion Response
283,6478.1,7922.0,22.29,Type A,Basic,2260.0,1,Low Promotion Response
284,4540.12,6522.19,43.66,Type D,Basic,1290.0,1,Moderate Promotion Response
285,4827.29,5558.38,15.14,Type A,Basic,2410.0,0,Low Promotion Response
286,3475.24,6708.26,93.03,Type A,Basic,1460.0,0,High Promotion Response
287,7615.17,8834.73,16.01,Type C,Basic,2740.0,1,Low Promotion Response
288,4675.25,6832.92,46.15,Type D,Basic,800.0,1,Moderate Promotion Response
289,5512.11,7317.6,32.75,Type D,Basic,6540.0,0,Moderate Promotion Response
290,5528.88,8834.69,59.79,Type A,Basic,4150.0,0,High Promotion Response
291,6357.5,10048.19,58.05,Type D,Basic,,0,High Promotion Response
292,4650.89,7159.26,53.93,Type A,Basic,1100.0,0,High Promotion Response
293,5154.21,7608.99,47.63,Type C,Extended,140.0,0,Moderate Promotion Response
294,4651.58,7147.89,53.67,Type A,Basic,3150.0,0,High Promotion Response
295,4544.02,6199.41,36.43,Type A,Basic,210.0,1,Moderate Promotion Response
296,5690.29,8531.28,49.93,Type A,Basic,9580.0,1,Moderate Promotion Response
297,5651.44,8644.74,52.97,Type A,Basic,2300.0,0,High Promotion Response
298,7486.38,9557.22,27.66,Type D,Basic,19840.0,0,Low Promotion Response
299,5838.87,6826.61,16.92,Type D,Extended,38630.0,0,Low Promotion Response
300,6403.14,7905.77,23.47,Type A,Extended,120.0,1,Low Promotion Response
301,4845.75,6384.2,31.75,Type A,Extended,4510.0,0,Moderate Promotion Response
302,3236.37,4365.28,34.88,Type D,Extended,2190.0,1,Moderate Promotion Response
303,5057.82,7596.93,50.2,Type A,Basic,15430.0,1,Moderate Promotion Response
304,5961.17,8418.74,41.23,Type A,Basic,1950.0,0,Moderate Promotion Response
305,4673.85,6176.7,32.15,Type C,Extended,2470.0,1,Moderate Promotion Response
306,3701.32,5216.7,40.94,Type A,Basic,5100.0,1,Moderate Promotion Response
307,1991.62,3569.16,79.21,Type A,Basic,18660.0,0,High Promotion Response
308,7749.03,11319.97,46.08,Type A,Basic,1070.0,1,Moderate Promotion Response
309,5527.78,8740.69,58.12,Type D,Basic,8740.0,1,High Promotion Response
310,6597.61,10750.05,62.94,Type A,Extended,2290.0,1,High Promotion Response
311,5674.9,7825.29,37.89,Type A,Extended,680.0,0,Moderate Promotion Response
312,4496.87,6887.37,53.16,Type D,Basic,11300.0,0,High Promotion Response
313,5618.97,8845.6,57.42,Type D,Extended,14160.0,0,High Promotion Response
314,4152.51,6345.29,52.81,Type A,Basic,3560.0,1,High Promotion Response
315,3625.95,5017.29,38.37,Type A,Extended,38710.0,0,Moderate Promotion Response
316,8222.92,11856.86,44.19,Type D,Basic,9000.0,0,Moderate Promotion Response
317,4934.21,5945.02,20.49,Type D,Basic,3140.0,1,Low Promotion Response
318,6212.33,9127.11,46.92,Type D,Extended,32330.0,0,Moderate Promotion Response
319,6836.59,8947.58,30.88,Type A,Extended,570.0,1,Moderate Promotion Response
320,13037.35,17028.67,30.61,Type A,Extended,210.0,0,Moderate Promotion Response
321,5250.94,6818.42,29.85,Type C,Extended,8140.0,1,Moderate Promotion Response
322,3657.61,6678.3,82.59,Type A,Basic,17500.0,1,High Promotion Response
323,6638.84,8255.86,24.36,Type D,Extended,8400.0,1,Low Promotion Response
324,4125.98,7597.11,84.13,Type A,Basic,13140.0,1,High Promotion Response
325,5354.4,7870.01,46.98,Type A,Extended,350.0,1,Moderate Promotion Response
326,4526.69,5599.96,23.71,Type D,Basic,10070.0,1,Low Promotion Response
327,6679.24,9023.41,35.1,Type C,Extended,1390.0,0,Moderate Promotion Response
328,3667.07,5369.65,46.43,Type A,Basic,3130.0,0,Moderate Promotion Response
329,5526.13,8612.27,55.85,Type A,Basic,1310.0,1,High Promotion Response
330,3645.95,4804.85,31.79,Type A,Extended,370.0,1,Moderate Promotion Response
331,5116.04,7441.5,45.45,Type A,Extended,670.0,1,Moderate Promotion Response
332,2951.93,4677.79,58.47,Type A,Basic,1840.0,0,High Promotion Response
333,8413.48,11433.35,35.89,Type A,Extended,3720.0,0,Moderate Promotion Response
334,4738.74,6273.69,32.39,Type D,Extended,4040.0,1,Moderate Promotion Response
335,10306.77,18175.53,76.35,Type B,Basic,90.0,1,High Promotion Response
336,11638.87,16716.23,43.62,Type A,Basic,190.0,0,Moderate Promotion Response
337,4713.75,5463.29,15.9,Type D,Extended,10600.0,1,Low Promotion Response
338,6038.4,8670.49,43.59,Type A,Extended,1590.0,1,Moderate Promotion Response
339,4555.31,5868.04,28.82,Type A,Extended,2280.0,1,Low Promotion Response
340,5399.73,7811.5,44.66,Type A,Extended,8080.0,0,Moderate Promotion Response
341,4702.03,6503.75,38.32,Type A,Basic,190.0,0,Moderate Promotion Response
342,10022.56,12482.85,24.55,Type D,Extended,15770.0,1,Low Promotion Response
343,5957.4,8721.66,46.4,Type D,Basic,18650.0,1,Moderate Promotion Response
344,6743.03,10603.24,57.25,Type A,Extended,300.0,1,High Promotion Response
345,3783.77,5544.92,46.54,Type A,Basic,120.0,1,Moderate Promotion Response
346,5951.27,7908.19,32.88,Type A,Extended,8090.0,0,Moderate Promotion Response
347,4475.83,5208.98,16.38,Type D,Extended,9360.0,1,Low Promotion Response
348,8024.84,9784.48,21.93,Type A,Basic,16490.0,1,Low Promotion Response
349,7750.83,8658.36,11.71,Type C,Extended,1490.0,0,Low Promotion Response
350,6011.03,8247.16,37.2,Type D,Basic,8880.0,1,Moderate Promotion Response
351,5085.48,7225.26,42.08,Type A,Basic,5290.0,1,Moderate Promotion Response
352,6097.31,7418.61,21.67,Type D,Extended,6360.0,1,Low Promotion Response
353,5559.62,5799.3,4.31,Type B,Extra,900.0,1,Low Promotion Response
354,7303.2,9723.4,33.14,Type D,Extended,1500.0,0,Moderate Promotion Response
355,7920.67,10648.33,34.44,Type A,Extended,9720.0,0,Moderate Promotion Response
356,5337.67,6189.72,15.96,Type D,Extended,8970.0,1,Low Promotion Response
357,6464.02,9429.49,45.88,Type A,Basic,2060.0,0,Moderate Promotion Response
358,8734.01,12233.06,40.06,Type A,Basic,2890.0,0,Moderate Promotion Response
359,6333.89,7485.4,18.18,Type D,Extended,4370.0,0,Low Promotion Response
360,5748.77,8384.36,45.85,Type A,Basic,2040.0,0,Moderate Promotion Response
361,5251.92,7507.4,42.95,Type C,Extended,4490.0,1,Moderate Promotion Response
362,8208.6,10815.03,31.75,Type C,Extended,340.0,0,Moderate Promotion Response
363,6251.0,8212.55,31.38,Type A,Basic,250.0,0,Moderate Promotion Response
364,3881.33,5400.72,39.15,Type A,Extended,13620.0,1,Moderate Promotion Response
365,4659.78,6429.44,37.98,Type C,Basic,2410.0,1,Moderate Promotion Response
366,4807.53,7894.71,64.22,Type D,Extended,6470.0,0,High Promotion Response
367,4285.72,6436.76,50.19,Type D,Extended,2640.0,0,Moderate Promotion Response
368,7544.29,12326.81,63.39,Type D,Extended,1450.0,1,High Promotion Response
369,6250.12,7603.35,21.65,Type D,Extended,5870.0,0,Low Promotion Response
370,6554.83,8991.57,37.17,Type D,Basic,8250.0,1,Moderate Promotion Response
371,5727.25,8321.3,45.29,Type D,Extended,1970.0,1,Moderate Promotion Response
372,7498.42,10364.67,38.22,Type D,Extended,4880.0,1,Moderate Promotion Response
373,4140.19,5011.66,21.05,Type D,Extended,11120.0,1,Low Promotion Response
374,5841.41,8436.08,44.42,Type A,Basic,1150.0,0,Moderate Promotion Response
375,6694.87,12182.68,81.97,Type A,Extended,15710.0,1,High Promotion Response
376,6929.58,10323.95,48.98,Type A,Basic,160.0,0,Moderate Promotion Response
377,6687.46,9199.52,37.56,Type A,Extended,100.0,1,Moderate Promotion Response
378,5651.67,7149.87,26.51,Type A,Extended,2140.0,0,Low Promotion Response
379,3236.98,4714.46,45.64,Type D,Basic,6630.0,0,Moderate Promotion Response
380,12334.92,17057.13,38.28,Type A,Basic,2240.0,1,Moderate Promotion Response
381,7450.28,10897.56,46.27,Type A,Basic,1800.0,1,Moderate Promotion Response
382,6376.52,9952.81,56.09,Type C,Extended,26130.0,0,High Promotion Response
383,15738.97,19216.0,22.09,Type A,Extended,350.0,0,Low Promotion Response
384,7179.57,10927.86,52.21,Type A,Extended,130.0,1,High Promotion Response
385,6083.53,8955.15,47.2,Type D,Basic,4580.0,0,Moderate Promotion Response
386,6641.98,9730.3,46.5,Type D,Extended,1460.0,1,Moderate Promotion Response
387,7615.68,11539.14,51.52,Type C,Basic,210.0,1,Moderate Promotion Response
388,8566.47,12331.16,43.95,Type A,Basic,2260.0,0,Moderate Promotion Response
389,8831.01,12176.65,37.89,Type A,Extended,6690.0,0,Moderate Promotion Response
390,9787.37,13723.35,40.21,Type A,Extended,1600.0,0,Moderate Promotion Response
391,4495.58,7233.29,60.9,Type A,Basic,460.0,1,High Promotion Response
392,5757.18,9145.27,58.85,Type A,Basic,2120.0,0,High Promotion Response
393,5064.28,6931.19,36.86,Type D,Extended,4820.0,0,Moderate Promotion Response
394,7273.1,9683.37,33.14,Type D,Basic,10850.0,0,Moderate Promotion Response
395,3393.71,4718.95,39.05,Type A,Basic,3620.0,0,Moderate Promotion Response
396,8149.48,12755.28,56.52,Type A,Extended,23130.0,0,High Promotion Response
397,4517.68,6870.71,52.09,Type A,Extended,130.0,1,High Promotion Response
398,4632.58,6551.37,41.42,Type C,Extended,1540.0,1,Moderate Promotion Response
399,4837.25,6475.33,33.86,Type A,Basic,5360.0,1,Moderate Promotion Response
400,6868.84,11026.68,60.53,Type A,Basic,70.0,1,High Promotion Response
401,5463.43,8927.12,63.4,Type A,Extended,9200.0,1,High Promotion Response
402,5240.41,6612.81,26.19,Type C,Extended,5830.0,1,Low Promotion Response
403,6300.93,8899.66,41.24,Type A,Basic,4970.0,0,Moderate Promotion Response
404,3941.69,5835.9,48.06,Type A,Extended,1420.0,1,Moderate Promotion Response
405,3332.5,5977.1,79.36,Type A,Basic,1080.0,1,High Promotion Response
406,5413.63,6965.91,28.67,Type D,Extended,8240.0,1,Low Promotion Response
407,3434.06,4461.68,29.92,Type A,Basic,5890.0,1,Moderate Promotion Response
408,4072.44,5535.64,35.93,Type C,Basic,1560.0,1,Moderate Promotion Response
409,4774.3,6454.7,35.2,Type D,Extended,840.0,1,Moderate Promotion Response
410,5099.52,8091.67,58.68,Type C,Basic,40.0,1,High Promotion Response
411,7810.89,10761.9,37.78,Type D,Extended,8460.0,0,Moderate Promotion Response
412,8734.65,9568.84,9.55,Type D,Extended,4460.0,1,Low Promotion Response
413,6010.73,8388.6,39.56,Type A,Extended,760.0,0,Moderate Promotion Response
414,6010.44,6942.15,15.5,Type D,Extended,6210.0,1,Low Promotion Response
415,5593.93,7018.16,25.46,Type D,Extended,6910.0,0,Low Promotion Response
416,9623.97,12706.74,32.03,Type A,Extended,4650.0,0,Moderate Promotion Response
417,6215.27,9371.36,50.78,Type A,Extended,840.0,1,Moderate Promotion Response
418,4033.95,6803.24,68.65,Type A,Basic,1060.0,1,High Promotion Response
419,4519.76,6277.42,38.89,Type C,Basic,1620.0,0,Moderate Promotion Response
420,4129.73,5061.84,22.57,Type D,Extended,250.0,1,Low Promotion Response
421,9287.27,9955.74,7.2,Type C,Extended,3530.0,1,Low Promotion Response
422,4138.0,5073.16,22.6,Type A,Extended,2880.0,0,Low Promotion Response
423,10453.68,11434.21,9.38,Type B,Basic,1270.0,0,Low Promotion Response
424,6231.48,7776.74,24.8,Type D,Extended,1250.0,1,Low Promotion Response
425,2705.16,3892.57,43.89,Type D,Extended,1460.0,0,Moderate Promotion Response
426,4054.72,6310.87,55.64,Type A,Basic,250.0,0,High Promotion Response
427,6041.57,9670.09,60.06,Type A,Extended,70.0,1,High Promotion Response
428,5645.42,7103.0,25.82,Type D,Basic,2960.0,1,Low Promotion Response
429,4609.86,6224.53,35.03,Type D,Extended,16350.0,1,Moderate Promotion Response
430,7827.09,9655.36,23.36,Type D,Extended,12870.0,0,Low Promotion Response
431,8427.85,10869.63,28.97,Type D,Extended,4520.0,0,Low Promotion Response
432,9400.26,12915.19,37.39,Type A,Basic,810.0,0,Moderate Promotion Response
433,4340.79,6831.74,57.38,Type A,Extended,30030.0,0,High Promotion Response
434,9320.77,10646.61,14.22,Type A,Basic,13020.0,1,Low Promotion Response
435,2738.42,3938.68,43.83,Type A,Basic,910.0,0,Moderate Promotion Response
436,4510.03,6724.74,49.11,Type D,Basic,2300.0,0,Moderate Promotion Response
437,6825.61,8024.66,17.57,Type C,Extended,430.0,1,Low Promotion Response
438,4036.75,6511.86,61.31,Type D,Extended,1110.0,1,High Promotion Response
439,6058.47,8804.63,45.33,Type A,Basic,1350.0,0,Moderate Promotion Response
440,4301.43,6209.65,44.36,Type D,Basic,3900.0,1,Moderate Promotion Response
441,5584.01,7240.71,29.67,Type D,Basic,2530.0,0,Moderate Promotion Response
442,3701.44,5214.56,40.88,Type C,Basic,500.0,1,Moderate Promotion Response
443,4261.17,6454.76,51.48,Type D,Basic,11400.0,0,Moderate Promotion Response
444,11917.11,12521.79,5.07,Type C,Basic,1700.0,0,Low Promotion Response
445,8295.21,8975.19,8.2,Type A,Basic,240.0,0,Low Promotion Response
446,3795.93,6324.86,66.62,Type A,Basic,340.0,1,High Promotion Response
447,4885.38,5823.16,19.2,Type A,Extended,1510.0,0,Low Promotion Response
448,7046.23,10246.44,45.42,Type A,Extended,3970.0,0,Moderate Promotion Response
449,9465.81,13455.47,42.15,Type A,Extended,120.0,1,Moderate Promotion Response
450,7898.89,9889.67,25.2,Type C,Basic,5780.0,1,Low Promotion Response
451,4795.7,6231.9,29.95,Type A,Basic,2460.0,1,Moderate Promotion Response
452,4030.6,6516.4,61.67,Type A,Extended,1850.0,1,High Promotion Response
453,6918.3,9066.0,31.04,Type A,Extended,75860.0,0,Moderate Promotion Response
454,4371.07,7533.41,72.35,Type A,Basic,26450.0,0,High Promotion Response
455,7010.52,7816.25,11.49,Type D,Extended,7660.0,0,Low Promotion Response
456,5175.12,7435.2,43.67,Type A,Extended,140.0,0,Moderate Promotion Response
457,4228.15,5618.35,32.88,Type D,Extended,13140.0,1,Moderate Promotion Response
458,7032.64,8258.76,17.43,Type C,Basic,3390.0,0,Low Promotion Response
459,7156.81,11643.02,62.68,Type A,Basic,250.0,1,High Promotion Response
460,2739.63,4953.8,80.82,Type A,Basic,34050.0,0,High Promotion Response
461,4378.55,5405.88,23.46,Type D,Extended,1790.0,1,Low Promotion Response
462,3856.38,6025.74,56.25,Type A,Basic,44320.0,0,High Promotion Response
463,4954.9,7491.7,51.2,Type A,Basic,4160.0,0,Moderate Promotion Response
464,10231.86,11144.29,8.92,Type C,Basic,520.0,0,Low Promotion Response
465,6588.43,9208.97,39.77,Type D,Extended,10890.0,0,Moderate Promotion Response
466,5933.19,9893.13,66.74,Type A,Extended,3110.0,0,High Promotion Response
467,12237.87,15002.82,22.59,Type A,Extended,20390.0,0,Low Promotion Response
468,6418.62,6976.17,8.69,Type C,Extended,5260.0,0,Low Promotion Response
469,10509.74,13600.7,29.41,Type C,Extended,710.0,0,Moderate Promotion Response
470,11529.29,15057.97,30.61,Type A,Extended,50.0,0,Moderate Promotion Response
471,6273.76,8171.53,30.25,Type D,Basic,5300.0,1,Moderate Promotion Response
472,4608.21,5932.88,28.75,Type C,Extended,5030.0,0,Low Promotion Response
473,2802.03,4471.92,59.6,Type A,Basic,50.0,0,High Promotion Response
474,6076.68,9289.17,52.87,Type C,Basic,14810.0,1,High Promotion Response
475,5658.24,7476.88,32.14,Type A,Basic,140.0,0,Moderate Promotion Response
476,4432.92,7576.6,70.92,Type D,Basic,8300.0,0,High Promotion Response
477,5317.3,7352.16,38.27,Type D,Basic,770.0,1,Moderate Promotion Response
478,5586.07,8297.59,48.54,Type D,Extended,1940.0,0,Moderate Promotion Response
479,9343.72,13548.16,45.0,Type A,Basic,320.0,1,Moderate Promotion Response
480,3909.84,6188.65,58.28,Type A,Basic,300.0,0,High Promotion Response
481,4331.06,6170.46,42.47,Type C,Extended,7470.0,1,Moderate Promotion Response
482,7579.33,9262.05,22.2,Type C,Basic,2550.0,0,Low Promotion Response
483,3708.62,6463.74,74.29,Type A,Extended,2310.0,1,High Promotion Response
484,7313.68,8210.92,12.27,Type A,Extended,14300.0,0,Low Promotion Response
485,4454.76,5399.69,21.21,Type D,Extended,3270.0,1,Low Promotion Response
486,3401.79,5326.93,56.59,Type A,Basic,2320.0,1,High Promotion Response
487,6049.93,8158.44,34.85,Type D,Extended,2180.0,1,Moderate Promotion Response
488,3198.16,4282.34,33.9,Type A,Extended,2890.0,0,Moderate Promotion Response
489,5143.06,9950.41,93.47,Type A,Basic,14960.0,1,High Promotion Response
490,7883.77,8714.52,10.54,Type A,Basic,660.0,1,Low Promotion Response
491,5811.72,7898.77,35.91,Type D,Extended,4680.0,1,Moderate Promotion Response
492,6764.76,9226.08,36.38,Type A,Basic,1740.0,1,Moderate Promotion Response
493,7064.39,9804.86,38.79,Type D,Extended,1150.0,1,Moderate Promotion Response
494,6724.71,9144.04,35.98,Type B,Basic,1260.0,0,Moderate Promotion Response
495,4160.83,6379.94,53.33,Type D,Basic,5470.0,1,High Promotion Response
496,6577.6,9134.59,38.87,Type D,Extended,2780.0,0,Moderate Promotion Response
497,7878.97,10519.09,33.51,Type A,Extended,1610.0,0,Moderate Promotion Response
498,6761.86,7294.59,7.88,Type A,Basic,990.0,1,Low Promotion Response
499,4639.33,5792.91,24.87,Type C,Extended,450.0,1,Low Promotion Response
500,5106.14,5668.88,11.02,Type D,Extended,10690.0,1,Low Promotion Response
501,4565.4,6410.47,40.41,Type A,Extended,1620.0,0,Moderate Promotion Response
502,9367.21,12587.75,34.38,Type A,Basic,220.0,1,Moderate Promotion Response
503,5516.65,8142.32,47.6,Type D,Extended,13080.0,1,Moderate Promotion Response
504,6040.36,7445.78,23.27,Type C,Extended,820.0,0,Low Promotion Response
505,3944.27,5801.95,47.1,Type A,Basic,350.0,1,Moderate Promotion Response
506,6069.94,9433.9,55.42,Type A,Basic,1850.0,1,High Promotion Response
507,7225.3,9963.97,37.9,Type A,Extended,9070.0,1,Moderate Promotion Response
508,5604.26,8198.59,46.29,Type A,Extended,1280.0,1,Moderate Promotion Response
509,4830.27,7719.5,59.82,Type A,Basic,4740.0,1,High Promotion Response
510,6747.85,9972.66,47.79,Type A,Extended,8260.0,0,Moderate Promotion Response
511,5323.54,6075.96,14.13,Type A,Basic,2060.0,0,Low Promotion Response
512,5301.05,5857.63,10.5,Type B,Extra,590.0,1,Low Promotion Response
513,16414.73,20333.31,23.87,Type A,Basic,400.0,0,Low Promotion Response
514,4828.37,6934.18,43.61,Type C,Extended,1200.0,1,Moderate Promotion Response
515,8333.2,9946.73,19.36,Type D,Extended,11260.0,1,Low Promotion Response
516,4710.36,7311.61,55.22,Type A,Extended,20.0,1,High Promotion Response
517,4710.4,7497.2,59.16,Type A,Extended,22490.0,0,High Promotion Response
518,4949.73,7023.51,41.9,Type D,Extended,3330.0,1,Moderate Promotion Response
519,4664.38,6090.11,30.57,Type C,Extended,2510.0,1,Moderate Promotion Response
520,3360.25,4491.79,33.67,Type A,Extended,6900.0,1,Moderate Promotion Response
521,4477.96,6042.76,34.94,Type D,Basic,18610.0,1,Moderate Promotion Response
522,7442.56,9210.36,23.75,Type D,Extended,7160.0,1,Low Promotion Response
523,14857.01,16353.04,10.07,Type C,Extended,50.0,0,Low Promotion Response
524,6442.82,9598.49,48.98,Type A,Extended,40860.0,0,Moderate Promotion Response
525,9485.22,11143.96,17.49,Type D,Extended,1870.0,0,Low Promotion Response
526,8345.96,13406.3,60.63,Type A,Basic,120.0,1,High Promotion Response
527,9723.46,11973.52,23.14,Type D,Extended,5830.0,0,Low Promotion Response
528,8676.3,13190.37,52.03,Type A,Extended,20620.0,1,High Promotion Response
529,6768.31,9112.48,34.63,Type D,Extended,12920.0,0,Moderate Promotion Response
530,4396.54,5005.11,13.84,Type A,Extended,18160.0,0,Low Promotion Response
531,4497.58,5395.64,19.97,Type A,Extended,4030.0,0,Low Promotion Response
532,10020.41,11966.69,19.42,Type A,Extended,1070.0,0,Low Promotion Response
533,8146.02,11525.59,41.49,Type A,Extended,5950.0,0,Moderate Promotion Response
534,6109.33,9304.14,52.29,Type D,Basic,1200.0,1,High Promotion Response
535,6609.45,9962.1,50.73,Type A,Basic,3570.0,0,Moderate Promotion Response
536,6844.9,10136.09,48.08,Type A,Extended,4700.0,1,Moderate Promotion Response
537,4796.25,6546.58,36.49,Type A,Basic,600.0,1,Moderate Promotion Response
538,3186.1,4680.64,46.91,Type A,Basic,990.0,0,Moderate Promotion Response
539,10640.21,12162.87,14.31,Type A,Basic,770.0,1,Low Promotion Response
540,4774.58,6759.55,41.57,Type D,Extended,810.0,1,Moderate Promotion Response
541,5703.86,7967.3,39.68,Type A,Extended,650.0,0,Moderate Promotion Response
542,5295.59,7454.55,40.77,Type A,Basic,7280.0,1,Moderate Promotion Response
543,1868.13,3926.07,110.16,Type C,Basic,1080.0,0,High Promotion Response
544,11326.31,17460.36,54.16,Type A,Basic,250.0,1,High Promotion Response
545,8444.69,13320.27,57.74,Type A,Extended,5020.0,1,High Promotion Response
546,12325.4,15337.32,24.44,Type A,Basic,580.0,0,Low Promotion Response
547,5250.59,6389.94,21.7,Type D,Extended,8990.0,1,Low Promotion Response
548,4172.37,6183.13,48.19,Type D,Extended,3760.0,0,Moderate Promotion Response
549,4116.41,5285.32,28.4,Type A,Extended,2330.0,0,Low Promotion Response
550,5406.3,6672.25,23.42,Type D,Extended,50.0,0,Low Promotion Response
551,5757.46,7538.49,30.93,Type A,Extended,2190.0,0,Moderate Promotion Response
552,5412.45,10565.75,95.21,Type A,Basic,4260.0,1,High Promotion Response
553,6928.91,7173.82,3.53,Type C,Basic,3040.0,1,Low Promotion Response
554,4108.3,4936.08,20.15,Type C,Extended,1200.0,0,Low Promotion Response
555,4390.46,6171.7,40.57,Type D,Basic,1560.0,1,Moderate Promotion Response
556,6014.19,8597.35,42.95,Type D,Extended,1140.0,0,Moderate Promotion Response
557,3641.92,5289.42,45.24,Type A,Basic,250.0,0,Moderate Promotion Response
558,2773.73,3812.68,37.46,Type A,Basic,3000.0,0,Moderate Promotion Response
559,4334.41,7775.64,79.39,Type D,Basic,3910.0,1,High Promotion Response
560,12351.45,15139.24,22.57,Type C,Extended,1910.0,0,Low Promotion Response
561,5738.12,8354.91,45.6,Type D,Basic,14300.0,0,Moderate Promotion Response
562,16662.36,20082.86,20.53,Type B,Extended,1210.0,0,Low Promotion Response
563,4970.08,6181.82,24.38,Type A,Basic,700.0,1,Low Promotion Response
564,4988.53,6189.49,24.07,Type D,Extended,6540.0,1,Low Promotion Response
565,5445.13,8096.6,48.69,Type A,Extended,160.0,0,Moderate Promotion Response
566,4101.68,5885.02,43.48,Type A,Basic,3620.0,1,Moderate Promotion Response
567,4162.15,6564.48,57.72,Type C,Basic,1010.0,1,High Promotion Response
568,4567.59,5259.12,15.14,Type D,Extended,4270.0,1,Low Promotion Response
569,4002.08,5151.37,28.72,Type A,Basic,1340.0,0,Low Promotion Response
570,3624.2,5652.28,55.96,Type A,Basic,180.0,0,High Promotion Response
571,7241.39,8379.52,15.72,Type D,Basic,2110.0,1,Low Promotion Response
572,5803.51,8223.47,41.7,Type D,Extended,9230.0,1,Moderate Promotion Response
573,3195.26,4964.82,55.38,Type A,Basic,1190.0,1,High Promotion Response
574,7664.19,10419.48,35.95,Type D,Basic,4400.0,0,Moderate Promotion Response
575,3614.41,7586.11,109.89,Type A,Basic,960.0,1,High Promotion Response
576,5862.01,8350.61,42.45,Type C,Basic,50.0,0,Moderate Promotion Response
577,4278.9,5776.97,35.01,Type A,Extended,2270.0,1,Moderate Promotion Response
578,7233.98,9602.06,32.74,Type D,Basic,12700.0,0,Moderate Promotion Response
579,7026.22,9848.71,40.17,Type C,Basic,20970.0,0,Moderate Promotion Response
580,9353.49,11228.37,20.04,Type A,Extended,170.0,0,Low Promotion Response
581,3849.76,7152.63,85.79,Type A,Basic,7250.0,0,High Promotion Response
582,5736.17,8611.5,50.13,Type A,Basic,120.0,0,Moderate Promotion Response
583,3505.0,5298.13,51.16,Type A,Basic,2640.0,0,Moderate Promotion Response
584,4103.24,5512.74,34.35,Type D,Basic,1360.0,1,Moderate Promotion Response
585,4857.65,6673.31,37.38,Type D,Extended,440.0,0,Moderate Promotion Response
586,13932.64,16606.98,19.19,Type A,Extended,250.0,0,Low Promotion Response
587,8798.34,10764.99,22.35,Type D,Extended,330.0,1,Low Promotion Response
588,5380.76,7099.46,31.94,Type D,Extended,15720.0,0,Moderate Promotion Response
589,3543.57,6082.73,71.66,Type A,Extended,360.0,1,High Promotion Response
590,4584.07,5477.39,19.49,Type D,Extended,4520.0,1,Low Promotion Response
591,4911.38,6673.75,35.88,Type A,Extended,3340.0,1,Moderate Promotion Response
592,3638.75,5441.05,49.53,Type A,Basic,2540.0,0,Moderate Promotion Response
593,8371.48,10895.55,30.15,Type A,Extended,33060.0,0,Moderate Promotion Response
594,3442.58,5026.76,46.02,Type A,Basic,1790.0,0,Moderate Promotion Response
595,13497.66,16876.74,25.03,Type C,Extended,1130.0,0,Low Promotion Response
596,4028.91,5088.11,26.29,Type C,Basic,290.0,0,Low Promotion Response
597,4532.45,5751.64,26.9,Type A,Basic,150.0,1,Low Promotion Response
598,5325.12,6612.64,24.18,Type C,Basic,550.0,1,Low Promotion Response
599,9142.35,10535.73,15.24,Type D,Extended,580.0,0,Low Promotion Response
600,6078.08,8118.12,33.56,Type D,Extended,17340.0,1,Moderate Promotion Response
601,4282.58,5606.23,30.91,Type D,Basic,8220.0,1,Moderate Promotion Response
602,5294.79,7538.21,42.37,Type A,Basic,2710.0,1,Moderate Promotion Response
603,5651.07,8515.49,50.69,Type A,Basic,340.0,1,Moderate Promotion Response
604,6861.5,9364.23,36.47,Type D,Basic,10950.0,0,Moderate Promotion Response
605,5952.12,8354.56,40.36,Type D,Basic,10310.0,1,Moderate Promotion Response
606,4875.57,7015.78,43.9,Type A,Basic,2260.0,0,Moderate Promotion Response
607,2551.57,5542.97,117.24,Type A,Basic,350.0,1,High Promotion Response
608,7095.67,12054.12,69.88,Type A,Extended,18370.0,1,High Promotion Response
609,3964.09,5460.93,37.76,Type A,Basic,2070.0,0,Moderate Promotion Response
610,3327.67,5263.95,58.19,Type A,Basic,660.0,0,High Promotion Response
611,5303.2,6413.5,20.94,Type A,Basic,8080.0,1,Low Promotion Response
612,5903.88,7970.44,35.0,Type D,Extended,2490.0,1,Moderate Promotion Response
613,5969.31,7650.86,28.17,Type C,Basic,250.0,1,Low Promotion Response
614,5819.61,7528.09,29.36,Type A,Basic,1160.0,0,Moderate Promotion Response
615,8376.71,11357.26,35.58,Type D,Basic,730.0,0,Moderate Promotion Response
616,7133.81,10146.76,42.23,Type A,Extended,3040.0,1,Moderate Promotion Response
617,4997.24,8015.15,60.39,Type A,Extended,8940.0,1,High Promotion Response
618,6115.66,7710.95,26.09,Type D,Extended,9910.0,0,Low Promotion Response
619,3239.57,5655.01,74.56,Type A,Basic,1600.0,1,High Promotion Response
620,7339.37,8325.48,13.44,Type D,Extended,5440.0,1,Low Promotion Response
621,4971.69,7073.95,42.28,Type A,Basic,30.0,0,Moderate Promotion Response
622,3640.94,5144.58,41.3,Type A,Extended,,0,Moderate Promotion Response
623,6003.86,8539.91,42.24,Type A,Basic,4080.0,1,Moderate Promotion Response
624,5804.9,8507.28,46.55,Type A,Extended,6920.0,0,Moderate Promotion Response
625,5088.27,7785.67,53.01,Type A,Basic,1170.0,1,High Promotion Response
626,7678.75,11454.17,49.17,Type C,Extended,10740.0,0,Moderate Promotion Response
627,5241.1,6915.02,31.94,Type C,Extended,3970.0,0,Moderate Promotion Response
628,5092.61,7621.12,49.65,Type A,Extended,2180.0,0,Moderate Promotion Response
629,6802.87,8732.14,28.36,Type D,Basic,510.0,1,Low Promotion Response
630,5255.92,8994.97,71.14,Type A,Basic,1690.0,0,High Promotion Response
631,4703.01,6251.68,32.93,Type D,Extended,2870.0,1,Moderate Promotion Response
632,6484.24,7693.63,18.65,Type A,Basic,3350.0,0,Low Promotion Response
633,6909.78,7584.98,9.77,Type D,Basic,11640.0,1,Low Promotion Response
634,5071.86,8709.11,71.71,Type D,Basic,18610.0,0,High Promotion Response
635,4159.05,8048.37,93.51,Type A,Basic,27530.0,0,High Promotion Response
636,4363.78,7906.77,81.19,Type C,Basic,720.0,1,High Promotion Response
637,7560.97,10163.14,34.42,Type D,Extended,9790.0,1,Moderate Promotion Response
638,5400.98,6788.91,25.7,Type D,Basic,10170.0,0,Low Promotion Response
639,3698.78,6004.44,62.34,Type A,Basic,7780.0,0,High Promotion Response
640,9908.04,13526.91,36.52,Type D,Extended,8040.0,0,Moderate Promotion Response
641,4494.72,7320.43,62.87,Type A,Extended,610.0,1,High Promotion Response
642,3209.89,4195.48,30.7,Type C,Extended,530.0,1,Moderate Promotion Response
643,6759.87,9501.78,40.56,Type A,Basic,230.0,1,Moderate Promotion Response
644,8855.02,9976.08,12.66,Type C,Basic,4030.0,1,Low Promotion Response
645,9043.5,12809.63,41.64,Type A,Basic,90.0,1,Moderate Promotion Response
646,4450.28,5757.04,29.36,Type A,Basic,620.0,0,Moderate Promotion Response
647,4791.01,6975.48,45.6,Type A,Extended,7420.0,0,Moderate Promotion Response
648,5674.96,7671.69,35.18,Type D,Basic,2130.0,0,Moderate Promotion Response
649,2733.9,4844.77,77.21,Type A,Basic,14570.0,0,High Promotion Response
650,5863.87,7060.51,20.41,Type A,Basic,1420.0,1,Low Promotion Response
651,6728.65,8703.33,29.35,Type A,Basic,200.0,0,Low Promotion Response
652,5156.77,8437.32,63.62,Type A,Basic,20390.0,0,High Promotion Response
653,4944.71,7105.42,43.7,Type D,Extended,7520.0,1,Moderate Promotion Response
654,4828.61,8477.2,75.56,Type C,Basic,6930.0,0,High Promotion Response
655,6703.29,9659.98,44.11,Type D,Extended,960.0,1,Moderate Promotion Response
656,2833.33,3752.37,32.44,Type D,Basic,410.0,1,Moderate Promotion Response
657,4872.46,7508.75,54.11,Type C,Extended,80.0,1,High Promotion Response
658,4853.03,7536.8,55.3,Type D,Extended,520.0,1,High Promotion Response
659,4511.6,7038.4,56.01,Type D,Basic,1590.0,0,High Promotion Response
660,3535.92,5989.15,69.38,Type A,Basic,1200.0,1,High Promotion Response
661,6582.73,7886.12,19.8,Type D,Extended,2140.0,0,Low Promotion Response
662,6573.84,10717.45,63.03,Type D,Basic,1070.0,0,High Promotion Response
663,4408.07,5260.49,19.34,Type A,Extended,7860.0,0,Low Promotion Response
664,4007.9,6093.36,52.03,Type D,Extended,1680.0,0,High Promotion Response
665,6544.76,10274.04,56.98,Type A,Basic,90.0,1,High Promotion Response
666,5929.97,8356.18,40.91,Type C,Extended,2700.0,1,Moderate Promotion Response
667,7407.19,10466.68,41.3,Type D,Extended,2870.0,0,Moderate Promotion Response
668,7697.2,10459.31,35.88,Type C,Basic,1270.0,0,Moderate Promotion Response
669,4084.78,5059.67,23.87,Type D,Basic,17080.0,1,Low Promotion Response
670,5537.36,7922.97,43.08,Type A,Basic,2060.0,1,Moderate Promotion Response
671,5137.45,6949.09,35.26,Type A,Extended,2070.0,1,Moderate Promotion Response
672,7917.84,9954.85,25.73,Type C,Basic,240.0,0,Low Promotion Response
673,6123.28,8362.16,36.56,Type D,Extended,15170.0,1,Moderate Promotion Response
674,6689.5,10058.34,50.36,Type A,Basic,2640.0,1,Moderate Promotion Response
675,3284.99,5488.65,67.08,Type A,Basic,2100.0,1,High Promotion Response
676,7529.67,7947.11,5.54,Type B,Extra,1410.0,0,Low Promotion Response
677,6831.57,9345.48,36.8,Type D,Basic,1740.0,1,Moderate Promotion Response
678,6161.64,8695.17,41.12,Type C,Basic,3250.0,1,Moderate Promotion Response
679,8617.01,11564.03,34.2,Type A,Basic,4140.0,0,Moderate Promotion Response
680,5016.4,5435.95,8.36,Type C,Basic,170.0,1,Low Promotion Response
681,2994.57,4271.06,42.63,Type A,Extended,620.0,1,Moderate Promotion Response
682,9216.67,14425.78,56.52,Type B,Basic,150.0,0,High Promotion Response
683,7484.99,11176.44,49.32,Type A,Basic,2850.0,0,Moderate Promotion Response
684,6798.76,8893.15,30.81,Type D,Extended,680.0,1,Moderate Promotion Response
685,4962.1,8675.59,74.84,Type A,Basic,650.0,1,High Promotion Response
686,4620.41,8232.34,78.17,Type A,Basic,20050.0,0,High Promotion Response
687,7447.89,9505.73,27.63,Type D,Extended,2770.0,0,Low Promotion Response
688,2691.96,4745.02,76.27,Type A,Basic,18760.0,1,High Promotion Response
689,5771.35,8615.89,49.29,Type D,Basic,15040.0,0,Moderate Promotion Response
690,4716.95,6660.09,41.19,Type A,Basic,100.0,0,Moderate Promotion Response
691,7218.12,9784.13,35.55,Type D,Extended,3030.0,1,Moderate Promotion Response
692,5035.33,8492.06,68.65,Type A,Basic,40.0,0,High Promotion Response
693,4577.87,9107.82,98.95,Type D,Basic,450.0,1,High Promotion Response
694,7328.44,8960.81,22.27,Type A,Extended,460.0,1,Low Promotion Response
695,3874.65,7254.34,87.23,Type A,Basic,550.0,1,High Promotion Response
696,6702.13,9251.81,38.04,Type A,Extended,430.0,0,Moderate Promotion Response
697,9109.61,12551.82,37.79,Type D,Basic,3780.0,1,Moderate Promotion Response
698,14357.3,17037.6,18.67,Type A,Basic,1790.0,0,Low Promotion Response
699,7307.33,9603.85,31.43,Type A,Basic,180.0,1,Moderate Promotion Response
700,3495.17,5440.29,55.65,Type A,Extended,830.0,1,High Promotion Response
701,4648.49,7214.78,55.21,Type D,Basic,1450.0,1,High Promotion Response
702,3614.55,5338.49,47.69,Type A,Basic,8550.0,1,Moderate Promotion Response
703,2630.21,4099.9,55.88,Type A,Basic,80.0,0,High Promotion Response
704,8899.4,12223.74,37.35,Type D,Extended,1910.0,0,Moderate Promotion Response
705,6303.98,10005.98,58.72,Type A,Basic,4140.0,1,High Promotion Response
706,5216.43,6412.38,22.93,Type D,Basic,7830.0,1,Low Promotion Response
707,6831.82,10143.49,48.47,Type A,Extended,2900.0,0,Moderate Promotion Response
708,3943.3,5351.31,35.71,Type C,Extended,11470.0,1,Moderate Promotion Response
709,7899.46,12313.52,55.88,Type A,Basic,500.0,0,High Promotion Response
710,3830.77,5455.87,42.42,Type D,Basic,1500.0,1,Moderate Promotion Response
711,5701.92,8448.72,48.17,Type D,Basic,17110.0,1,Moderate Promotion Response
712,5431.85,7678.29,41.36,Type A,Basic,4870.0,1,Moderate Promotion Response
713,9343.88,12402.4,32.73,Type A,Extended,220.0,1,Moderate Promotion Response
714,4060.27,5162.54,27.15,Type D,Extended,12070.0,1,Low Promotion Response
715,4818.16,8548.61,77.42,Type A,Basic,14810.0,0,High Promotion Response
716,5140.82,6448.97,25.45,Type D,Basic,3200.0,1,Low Promotion Response
717,4269.77,7125.63,66.89,Type D,Extended,310.0,1,High Promotion Response
718,6740.53,9353.05,38.76,Type A,Basic,1100.0,0,Moderate Promotion Response
719,4985.68,5889.0,18.12,Type C,Extended,8190.0,1,Low Promotion Response
720,6140.68,8418.16,37.09,Type A,Extended,15320.0,1,Moderate Promotion Response
721,7103.14,8369.7,17.83,Type A,Extended,3590.0,1,Low Promotion Response
722,8803.16,11098.5,26.07,Type A,Basic,50.0,0,Low Promotion Response
723,6234.0,8014.92,28.57,Type D,Extended,5650.0,1,Low Promotion Response
724,6108.48,7676.33,25.67,Type D,Extended,5900.0,0,Low Promotion Response
725,5182.02,6437.76,24.23,Type D,Extended,17540.0,0,Low Promotion Response
726,8486.3,14164.29,66.91,Type A,Extended,40540.0,0,High Promotion Response
727,3658.0,5602.22,53.15,Type A,Basic,2050.0,0,High Promotion Response
728,4846.32,5738.05,18.4,Type D,Basic,13990.0,1,Low Promotion Response
729,8862.82,12615.59,42.34,Type C,Extended,8980.0,0,Moderate Promotion Response
730,7204.18,9094.65,26.24,Type C,Basic,1190.0,0,Low Promotion Response
731,7531.64,11361.67,50.85,Type A,Basic,15270.0,1,Moderate Promotion Response
732,5176.23,6773.13,30.85,Type A,Extended,35280.0,0,Moderate Promotion Response
733,14370.27,15843.5,10.25,Type B,Extra,860.0,0,Low Promotion Response
734,4561.68,7719.62,69.23,Type A,Basic,220.0,1,High Promotion Response
735,4168.5,7168.59,71.97,Type D,Extended,1920.0,0,High Promotion Response
736,4526.16,6155.89,36.01,Type C,Extended,1650.0,1,Moderate Promotion Response
737,4922.77,7582.79,54.04,Type A,Basic,100.0,1,High Promotion Response
738,7634.44,9580.07,25.48,Type D,Extended,5980.0,0,Low Promotion Response
739,8055.31,11465.77,42.34,Type D,Extended,2770.0,1,Moderate Promotion Response
740,6007.66,8173.3,36.05,Type D,Basic,6400.0,0,Moderate Promotion Response
741,6588.44,8878.31,34.76,Type D,Extended,11900.0,0,Moderate Promotion Response
742,6885.06,9424.21,36.88,Type D,Extended,4380.0,0,Moderate Promotion Response
743,2889.94,4943.31,71.05,Type A,Basic,6710.0,1,High Promotion Response
744,6842.52,8245.55,20.5,Type A,Basic,1370.0,1,Low Promotion Response
745,5457.26,9981.74,82.91,Type A,Basic,17650.0,1,High Promotion Response
746,5045.92,7263.14,43.94,Type D,Extended,4330.0,1,Moderate Promotion Response
747,6702.66,9645.96,43.91,Type C,Extended,45740.0,0,Moderate Promotion Response
748,4780.27,6911.18,44.58,Type D,Basic,2380.0,1,Moderate Promotion Response
749,3911.0,6757.38,72.78,Type A,Basic,3410.0,1,High Promotion Response
750,4307.95,5872.95,36.33,Type D,Basic,8670.0,1,Moderate Promotion Response
751,3563.83,5015.85,40.74,Type A,Basic,650.0,0,Moderate Promotion Response
752,3953.14,6843.27,73.11,Type A,Basic,970.0,1,High Promotion Response
753,7209.39,10549.95,46.34,Type D,Extended,540.0,1,Moderate Promotion Response
754,6648.17,9835.51,47.94,Type C,Extended,380.0,1,Moderate Promotion Response
755,9185.79,12064.45,31.34,Type D,Extended,13130.0,0,Moderate Promotion Response
756,15212.01,18245.23,19.94,Type A,Extended,50.0,1,Low Promotion Response
757,5240.31,7427.25,41.73,Type A,Extended,3450.0,0,Moderate Promotion Response
758,4043.03,5889.31,45.67,Type A,Extended,19780.0,0,Moderate Promotion Response
759,5461.24,8908.64,63.12,Type A,Basic,110.0,1,High Promotion Response
760,7458.17,7859.34,5.38,Type A,Basic,560.0,0,Low Promotion Response
761,7386.45,10369.26,40.38,Type A,Basic,2390.0,0,Moderate Promotion Response
762,3344.27,4561.07,36.38,Type D,Extended,1280.0,1,Moderate Promotion Response
763,5372.45,7044.4,31.12,Type D,Extended,32240.0,0,Moderate Promotion Response
764,2864.62,4368.23,52.49,Type A,Extended,26490.0,1,High Promotion Response
765,7321.71,9967.89,36.14,Type A,Extended,25430.0,1,Moderate Promotion Response
766,5423.07,7014.11,29.34,Type D,Extended,9820.0,0,Low Promotion Response
767,4865.06,7437.69,52.88,Type A,Extended,13080.0,0,High Promotion Response
768,10856.76,15598.69,43.68,Type A,Extended,2630.0,0,Moderate Promotion Response
769,10395.7,11521.39,10.83,Type B,Extra,840.0,1,Low Promotion Response
770,5208.47,8033.61,54.24,Type A,Extended,100.0,0,High Promotion Response
771,5839.84,7842.43,34.29,Type A,Basic,20640.0,0,Moderate Promotion Response
772,3237.63,4004.11,23.67,Type D,Extended,1850.0,0,Low Promotion Response
773,4990.82,6609.25,32.43,Type A,Basic,200.0,0,Moderate Promotion Response
774,4846.96,6283.45,29.64,Type A,Extended,640.0,0,Moderate Promotion Response
775,7879.4,9721.54,23.38,Type D,Extended,6970.0,1,Low Promotion Response
776,3975.87,5824.31,46.49,Type C,Basic,700.0,1,Moderate Promotion Response
777,3533.51,4555.45,28.92,Type D,Extended,8250.0,1,Low Promotion Response
778,4906.15,7165.11,46.04,Type A,Basic,340.0,1,Moderate Promotion Response
779,5246.75,9416.59,79.47,Type A,Basic,16990.0,0,High Promotion Response
780,4899.56,8550.55,74.52,Type A,Basic,18160.0,0,High Promotion Response
781,3728.17,6382.11,71.19,Type A,Basic,630.0,0,High Promotion Response
782,4871.27,6245.71,28.22,Type C,Extended,5390.0,1,Low Promotion Response
783,6000.48,7904.99,31.74,Type D,Extended,15490.0,0,Moderate Promotion Response
784,6315.52,9511.18,50.6,Type A,Basic,560.0,1,Moderate Promotion Response
785,5529.5,7715.2,39.53,Type D,Extended,970.0,1,Moderate Promotion Response
786,2598.96,4742.77,82.49,Type A,Basic,290.0,1,High Promotion Response
787,8719.25,12060.62,38.32,Type C,Extended,3210.0,0,Moderate Promotion Response
788,16028.15,20322.97,26.8,Type A,Extended,1530.0,0,Low Promotion Response
789,3263.83,3523.24,7.95,Type A,Extended,9770.0,0,Low Promotion Response
790,6795.02,8263.3,21.61,Type D,Extended,9070.0,0,Low Promotion Response
791,6426.92,9190.94,43.01,Type A,Basic,5950.0,0,Moderate Promotion Response
792,5624.17,9553.0,69.86,Type D,Basic,17280.0,1,High Promotion Response
793,3702.38,6216.86,67.92,Type D,Basic,2710.0,0,High Promotion Response
794,2953.02,3242.84,9.81,Type C,Extended,5090.0,0,Low Promotion Response
795,3541.91,5793.81,63.58,Type D,Basic,510.0,1,High Promotion Response
796,5794.31,9022.62,55.72,Type A,Extended,7180.0,0,High Promotion Response
797,3695.33,4859.66,31.51,Type A,Basic,2090.0,1,Moderate Promotion Response
798,5627.34,9706.68,72.49,Type A,Basic,9560.0,0,High Promotion Response
799,8940.34,11065.11,23.77,Type A,Extended,2700.0,0,Low Promotion Response
800,4649.58,6180.55,32.93,Type D,Basic,2020.0,0,Moderate Promotion Response
801,3983.25,5897.67,48.06,Type D,Basic,48330.0,0,Moderate Promotion Response
802,5790.0,8124.4,40.32,Type A,Extended,910.0,1,Moderate Promotion Response
803,4995.48,7340.81,46.95,Type D,Basic,1760.0,1,Moderate Promotion Response
804,4604.18,5326.08,15.68,Type C,Extended,2100.0,1,Low Promotion Response
805,5022.66,7432.49,47.98,Type D,Basic,24770.0,1,Moderate Promotion Response
806,5404.04,8591.79,58.99,Type D,Basic,260.0,1,High Promotion Response
807,8983.08,10850.71,20.79,Type A,Basic,3870.0,0,Low Promotion Response
808,5940.43,8933.47,50.38,Type A,Basic,18620.0,1,Moderate Promotion Response
809,7269.61,11997.04,65.03,Type A,Basic,12770.0,0,High Promotion Response
810,5298.11,6705.45,26.56,Type D,Extended,9640.0,0,Low Promotion Response
811,3759.82,4586.5,21.99,Type A,Basic,410.0,0,Low Promotion Response
812,4975.0,8059.05,61.99,Type D,Basic,2590.0,0,High Promotion Response
813,5138.63,6639.24,29.2,Type A,Basic,1560.0,0,Low Promotion Response
814,6773.15,10547.16,55.72,Type D,Extended,24530.0,0,High Promotion Response
815,7454.42,9591.51,28.67,Type A,Basic,590.0,1,Low Promotion Response
816,4420.05,6007.04,35.9,Type C,Extended,460.0,0,Moderate Promotion Response
817,18963.39,25168.96,32.72,Type A,Basic,140.0,0,Moderate Promotion Response
818,4797.92,7727.01,61.05,Type D,Basic,490.0,1,High Promotion Response
819,5326.93,7024.12,31.86,Type A,Extended,720.0,0,Moderate Promotion Response
820,11028.82,13428.36,21.76,Type A,Extended,1650.0,1,Low Promotion Response
821,5795.56,8331.75,43.76,Type A,Basic,1700.0,0,Moderate Promotion Response
822,6441.26,9320.52,44.7,Type A,Extended,410.0,1,Moderate Promotion Response
823,4879.28,6929.46,42.02,Type A,Extended,16210.0,0,Moderate Promotion Response
824,5798.55,8098.94,39.67,Type A,Basic,17570.0,0,Moderate Promotion Response
825,4028.14,5242.13,30.14,Type A,Basic,380.0,1,Moderate Promotion Response
826,7605.9,10355.99,36.16,Type A,Extended,7980.0,0,Moderate Promotion Response
827,12587.9,12995.52,3.24,Type A,Extended,250.0,0,Low Promotion Response
828,4140.29,6495.09,56.88,Type D,Extended,3290.0,0,High Promotion Response
829,5059.58,6981.04,37.98,Type C,Basic,110.0,0,Moderate Promotion Response
830,4869.38,7762.24,59.41,Type A,Extended,6320.0,1,High Promotion Response
831,10231.76,15700.89,53.45,Type A,Basic,800.0,0,High Promotion Response
832,5703.57,7592.97,33.13,Type D,Basic,5070.0,1,Moderate Promotion Response
833,4609.06,6617.3,43.57,Type D,Extended,3290.0,1,Moderate Promotion Response
834,4740.6,7245.72,52.84,Type A,Basic,3470.0,0,High Promotion Response
835,4289.08,6287.83,46.6,Type A,Basic,2890.0,1,Moderate Promotion Response
836,4501.61,7613.62,69.13,Type A,Basic,2720.0,0,High Promotion Response
837,2876.06,4211.9,46.45,Type A,Extended,14600.0,0,Moderate Promotion Response
838,6795.08,9436.14,38.87,Type D,Extended,6890.0,1,Moderate Promotion Response
839,4066.48,6422.21,57.93,Type C,Basic,240.0,0,High Promotion Response
840,6123.03,8779.28,43.38,Type A,Basic,1070.0,0,Moderate Promotion Response
841,2261.11,3837.73,69.73,Type A,Basic,27650.0,0,High Promotion Response
842,17436.02,20021.12,14.83,Type D,Extended,1200.0,0,Low Promotion Response
843,8455.45,10705.86,26.61,Type C,Basic,60.0,0,Low Promotion Response
844,3170.45,5414.55,70.78,Type A,Basic,2030.0,1,High Promotion Response
845,4438.11,5308.77,19.62,Type D,Basic,7860.0,1,Low Promotion Response
846,7304.76,11577.86,58.5,Type A,Extended,8860.0,1,High Promotion Response
847,6439.33,7938.77,23.29,Type C,Extended,190.0,1,Low Promotion Response
848,5653.24,7840.12,38.68,Type A,Extended,370.0,1,Moderate Promotion Response
849,7273.0,9232.38,26.94,Type C,Extended,5000.0,0,Low Promotion Response
850,5159.52,7458.47,44.56,Type D,Basic,1120.0,1,Moderate Promotion Response
851,5163.96,5821.16,12.73,Type D,Extended,2330.0,1,Low Promotion Response
852,3757.61,5651.88,50.41,Type C,Basic,940.0,1,Moderate Promotion Response
853,7946.34,10841.7,36.44,Type A,Basic,14040.0,0,Moderate Promotion Response
854,5734.02,7602.31,32.58,Type C,Basic,4770.0,1,Moderate Promotion Response
855,4611.75,7181.49,55.72,Type A,Basic,3440.0,1,High Promotion Response
856,6181.61,8315.44,34.52,Type A,Basic,3020.0,0,Moderate Promotion Response
857,6949.43,8058.21,15.95,Type C,Basic,6270.0,1,Low Promotion Response
858,4224.61,5430.01,28.53,Type A,Basic,3370.0,1,Low Promotion Response
859,7006.84,8134.86,16.1,Type C,Basic,21770.0,0,Low Promotion Response
860,5150.51,6555.94,27.29,Type C,Extended,5980.0,0,Low Promotion Response
861,3055.5,4046.36,32.43,Type C,Extended,740.0,1,Moderate Promotion Response
862,7462.06,9911.95,32.83,Type A,Extended,2840.0,1,Moderate Promotion Response
863,6351.66,9749.79,53.5,Type A,Extended,21370.0,0,High Promotion Response
864,3524.6,5185.41,47.12,Type A,Basic,1020.0,1,Moderate Promotion Response
865,6882.81,8404.69,22.11,Type D,Extended,2640.0,0,Low Promotion Response
866,5854.01,8128.69,38.86,Type D,Basic,9680.0,1,Moderate Promotion Response
867,3721.42,5232.34,40.6,Type D,Extended,21810.0,0,Moderate Promotion Response
868,8642.07,10731.2,24.17,Type D,Extended,1360.0,1,Low Promotion Response
869,4607.74,7633.71,65.67,Type C,Basic,230.0,1,High Promotion Response
870,6151.7,7876.51,28.04,Type A,Basic,780.0,0,Low Promotion Response
871,5956.17,6635.25,11.4,Type D,Extended,10620.0,0,Low Promotion Response
872,7443.63,9875.84,32.68,Type A,Extended,3860.0,1,Moderate Promotion Response
873,3277.54,4509.16,37.58,Type A,Basic,2040.0,0,Moderate Promotion Response
874,4074.94,5204.86,27.73,Type A,Basic,3210.0,0,Low Promotion Response
875,4097.15,6243.87,52.4,Type D,Basic,5070.0,1,High Promotion Response
876,6687.77,12346.24,84.61,Type A,Basic,21790.0,1,High Promotion Response
877,5595.23,7276.36,30.05,Type A,Extended,29190.0,0,Moderate Promotion Response
878,7133.33,10659.46,49.43,Type D,Extended,1100.0,0,Moderate Promotion Response
879,3137.16,4557.82,45.28,Type D,Basic,,1,Moderate Promotion Response
880,6507.23,8739.61,34.31,Type A,Extended,4570.0,0,Moderate Promotion Response
881,3219.33,5408.74,68.01,Type A,Basic,180.0,1,High Promotion Response
882,5970.27,7407.62,24.08,Type A,Basic,30.0,0,Low Promotion Response
883,4011.6,5696.58,42.0,Type A,Basic,3200.0,0,Moderate Promotion Response
884,4740.48,6548.43,38.14,Type D,Extended,7550.0,0,Moderate Promotion Response
885,4810.87,6255.4,30.03,Type A,Basic,480.0,0,Moderate Promotion Response
886,5349.54,7782.65,45.48,Type A,Extended,12430.0,0,Moderate Promotion Response
887,5652.59,8432.02,49.17,Type D,Basic,19700.0,1,Moderate Promotion Response
888,7242.45,8922.15,23.19,Type D,Basic,4450.0,1,Low Promotion Response
889,3316.33,5156.57,55.49,Type D,Basic,18670.0,0,High Promotion Response
890,4813.67,6892.86,43.19,Type A,Basic,4450.0,1,Moderate Promotion Response
891,7283.83,8828.19,21.2,Type A,Extended,350.0,1,Low Promotion Response
892,5723.52,9879.77,72.62,Type A,Basic,19370.0,0,High Promotion Response
893,5645.16,7350.96,30.22,Type A,Basic,130.0,1,Moderate Promotion Response
894,6576.6,10756.08,63.55,Type A,Basic,190.0,0,High Promotion Response
895,8364.11,10519.28,25.77,Type A,Extended,4150.0,0,Low Promotion Response
896,6460.42,7520.36,16.41,Type A,Extended,170.0,0,Low Promotion Response
897,3266.43,3769.94,15.41,Type C,Extended,3290.0,1,Low Promotion Response
898,4685.16,8961.29,91.27,Type A,Basic,18540.0,0,High Promotion Response
899,3833.67,7012.72,82.92,Type D,Basic,2590.0,1,High Promotion Response
900,5140.19,6739.05,31.11,Type A,Basic,3920.0,1,Moderate Promotion Response
901,6023.49,8705.42,44.52,Type A,Extended,3170.0,0,Moderate Promotion Response
902,4606.89,5241.57,13.78,Type A,Basic,310.0,1,Low Promotion Response
903,10903.17,12797.72,17.38,Type D,Extended,7290.0,0,Low Promotion Response
904,5301.36,6925.37,30.63,Type D,Extended,570.0,1,Moderate Promotion Response
905,7363.58,9960.25,35.26,Type A,Basic,90.0,0,Moderate Promotion Response
906,9277.46,12963.4,39.73,Type A,Basic,90.0,0,Moderate Promotion Response
907,5774.37,6879.17,19.13,Type A,Extended,250.0,0,Low Promotion Response
908,3096.24,5636.91,82.06,Type A,Basic,1980.0,1,High Promotion Response
909,8974.01,12963.78,44.46,Type A,Extended,1680.0,1,Moderate Promotion Response
910,4640.98,7013.93,51.13,Type D,Extended,12480.0,1,Moderate Promotion Response
911,8572.55,11487.25,34.0,Type A,Extended,16490.0,0,Moderate Promotion Response
912,5454.92,6145.77,12.66,Type C,Extended,3100.0,0,Low Promotion Response
913,7169.83,11010.43,53.57,Type A,Basic,280.0,0,High Promotion Response
914,8008.07,11336.49,41.56,Type C,Extended,2640.0,1,Moderate Promotion Response
915,6093.94,6648.22,9.1,Type D,Extended,650.0,1,Low Promotion Response
916,4784.91,6116.86,27.84,Type A,Basic,90.0,0,Low Promotion Response
917,5426.57,8267.41,52.35,Type A,Basic,7240.0,0,High Promotion Response
918,4143.46,6456.45,55.82,Type A,Extended,18710.0,0,High Promotion Response
919,4399.03,6976.75,58.6,Type A,Basic,2620.0,1,High Promotion Response
920,5165.52,6524.55,26.31,Type A,Basic,850.0,1,Low Promotion Response
921,7707.45,11621.73,50.79,Type A,Basic,840.0,0,Moderate Promotion Response
922,6750.65,8201.44,21.49,Type D,Basic,2110.0,0,Low Promotion Response
923,4908.87,5811.64,18.39,Type A,Basic,280.0,0,Low Promotion Response
924,3784.49,5939.86,56.95,Type A,Basic,6420.0,1,High Promotion Response
925,6343.81,7144.44,12.62,Type C,Basic,470.0,1,Low Promotion Response
926,6068.7,8721.51,43.71,Type D,Extended,5150.0,1,Moderate Promotion Response
927,5347.35,8038.67,50.33,Type A,Basic,480.0,0,Moderate Promotion Response
928,6498.63,9872.93,51.92,Type D,Extended,1090.0,1,High Promotion Response
929,5044.85,6756.09,33.92,Type A,Extended,4820.0,0,Moderate Promotion Response
930,6382.99,8090.49,26.75,Type A,Basic,70.0,0,Low Promotion Response
931,3046.25,4387.4,44.03,Type A,Extended,1480.0,1,Moderate Promotion Response
932,6166.22,8950.44,45.15,Type A,Basic,15700.0,1,Moderate Promotion Response
933,5917.27,9051.03,52.96,Type A,Extended,6270.0,0,High Promotion Response
934,5567.84,8229.3,47.8,Type A,Extended,5460.0,1,Moderate Promotion Response
935,4700.19,6811.25,44.91,Type A,Extended,22350.0,0,Moderate Promotion Response
936,6278.61,8009.49,27.57,Type A,Basic,580.0,0,Low Promotion Response
937,6124.66,8597.62,40.38,Type D,Basic,2810.0,1,Moderate Promotion Response
938,8241.58,10832.41,31.44,Type A,Basic,2820.0,0,Moderate Promotion Response
939,5203.32,6927.2,33.13,Type D,Basic,1340.0,0,Moderate Promotion Response
940,6066.37,8694.93,43.33,Type D,Extended,6470.0,0,Moderate Promotion Response
941,4175.91,6116.2,46.46,Type A,Basic,1200.0,1,Moderate Promotion Response
942,5168.65,7153.99,38.41,Type D,Extended,6860.0,1,Moderate Promotion Response
943,6280.93,7812.79,24.39,Type D,Extended,18020.0,0,Low Promotion Response
944,7282.52,8721.68,19.76,Type C,Basic,1670.0,0,Low Promotion Response
945,3797.87,5079.56,33.75,Type A,Extended,12480.0,0,Moderate Promotion Response
946,3433.46,5147.18,49.91,Type A,Basic,2220.0,1,Moderate Promotion Response
947,7733.72,9193.03,18.87,Type A,Basic,460.0,1,Low Promotion Response
948,6865.65,7071.45,3.0,Type B,Extra,1430.0,0,Low Promotion Response
949,4014.56,6980.53,73.88,Type A,Basic,870.0,0,High Promotion Response
950,4640.78,7093.91,52.86,Type A,Basic,8460.0,0,High Promotion Response
951,6684.61,9115.92,36.37,Type D,Extended,710.0,1,Moderate Promotion Response
952,6117.94,7139.72,16.7,Type D,Extended,6300.0,0,Low Promotion Response
953,4098.38,6812.29,66.22,Type A,Basic,19830.0,1,High Promotion Response
954,5761.54,8442.43,46.53,Type A,Basic,390.0,1,Moderate Promotion Response
955,3984.35,5620.69,41.07,Type D,Extended,1690.0,1,Moderate Promotion Response
956,3130.55,4748.03,51.67,Type A,Basic,2330.0,1,Moderate Promotion Response
957,6243.38,9920.19,58.89,Type D,Extended,1420.0,0,High Promotion Response
958,3721.1,4883.41,31.24,Type A,Basic,440.0,0,Moderate Promotion Response
959,5812.77,8563.8,47.33,Type A,Extended,1060.0,0,Moderate Promotion Response
960,5607.6,8097.87,44.41,Type D,Basic,8990.0,1,Moderate Promotion Response
961,5751.19,7466.65,29.83,Type D,Extended,9430.0,0,Moderate Promotion Response
962,5296.47,8391.88,58.44,Type C,Basic,260.0,0,High Promotion Response
963,7830.77,14341.42,83.14,Type A,Extended,23620.0,0,High Promotion Response
964,8407.73,11407.53,35.68,Type A,Basic,270.0,1,Moderate Promotion Response
965,6973.2,10346.14,48.37,Type A,Extended,110.0,0,Moderate Promotion Response
966,4175.76,5605.38,34.24,Type A,Basic,760.0,0,Moderate Promotion Response
967,7357.05,10215.14,38.85,Type A,Extended,3560.0,1,Moderate Promotion Response
968,6083.21,8540.14,40.39,Type C,Basic,1190.0,0,Moderate Promotion Response
969,2993.04,4129.83,37.98,Type A,Extended,600.0,1,Moderate Promotion Response
970,2547.28,4217.43,65.57,Type A,Basic,910.0,1,High Promotion Response
971,7009.95,9829.24,40.22,Type C,Basic,1140.0,1,Moderate Promotion Response
972,2487.68,4544.97,82.7,Type A,Basic,14960.0,0,High Promotion Response
973,5402.57,7713.79,42.78,Type D,Extended,330.0,1,Moderate Promotion Response
974,10207.84,13234.11,29.65,Type A,Basic,150.0,1,Moderate Promotion Response
975,6489.97,9218.18,42.04,Type A,Extended,9630.0,1,Moderate Promotion Response
976,5499.4,8783.59,59.72,Type A,Basic,4180.0,0,High Promotion Response
977,3487.25,6402.64,83.6,Type A,Basic,520.0,1,High Promotion Response
978,6041.56,8638.63,42.99,Type C,Extended,3890.0,0,Moderate Promotion Response
979,5002.24,7798.43,55.9,Type A,Extended,2270.0,1,High Promotion Response
980,5722.53,8609.47,50.45,Type A,Basic,4420.0,0,Moderate Promotion Response
981,6092.77,8795.31,44.36,Type D,Extended,2620.0,0,Moderate Promotion Response
982,6549.61,9892.68,51.04,Type D,Basic,21930.0,0,Moderate Promotion Response
983,8824.8,12048.61,36.53,Type A,Basic,40.0,1,Moderate Promotion Response
984,4991.71,7389.97,48.04,Type C,Basic,440.0,1,Moderate Promotion Response
985,7518.17,9458.64,25.81,Type C,Extended,490.0,1,Low Promotion Response
986,5190.52,7489.78,44.3,Type A,Basic,620.0,1,Moderate Promotion Response
987,5586.53,8386.77,50.12,Type C,Basic,1690.0,0,Moderate Promotion Response
988,4232.44,5266.59,24.43,Type A,Basic,30.0,0,Low Promotion Response
989,4384.23,6332.49,44.44,Type A,Basic,1640.0,1,Moderate Promotion Response
990,5336.54,7713.31,44.54,Type D,Basic,20930.0,0,Moderate Promotion Response
991,5282.65,6337.9,19.98,Type A,Basic,1010.0,0,Low Promotion Response
992,4719.35,6937.59,47.0,Type A,Basic,2480.0,0,Moderate Promotion Response
993,6230.76,9304.83,49.34,Type D,Extended,3460.0,1,Moderate Promotion Response
994,3338.31,6011.85,80.09,Type A,Basic,2290.0,1,High Promotion Response
995,7972.25,10835.42,35.91,Type D,Basic,6560.0,0,Moderate Promotion Response
996,5087.55,8231.8,61.8,Type C,Basic,2870.0,1,High Promotion Response
997,4161.26,6385.24,53.44,Type D,Extended,5840.0,1,High Promotion Response
998,3812.97,4938.22,29.51,Type A,Basic,780.0,1,Moderate Promotion Response
999,7006.02,11831.66,68.88,Type D,Extended,15140.0,1,High Promotion Response
1000,6656.72,8463.45,27.14,Type A,Extended,2230.0,1,Low Promotion Response
1001,4208.77,6893.6,63.79,Type C,Basic,19640.0,1,High Promotion Response
1002,5350.89,6933.58,29.58,Type D,Extended,1130.0,0,Moderate Promotion Response
1003,5647.34,9509.99,68.4,Type A,Basic,170.0,1,High Promotion Response
1004,4275.16,6296.17,47.27,Type D,Extended,970.0,1,Moderate Promotion Response
1005,5475.69,7101.11,29.68,Type A,Basic,6480.0,0,Moderate Promotion Response
1006,5526.31,7405.53,34.0,Type C,Extended,3890.0,1,Moderate Promotion Response
1007,6127.84,8056.44,31.47,Type C,Extended,4180.0,0,Moderate Promotion Response
1008,4405.21,6461.58,46.68,Type A,Extended,30.0,0,Moderate Promotion Response
1009,4183.02,5520.47,31.97,Type A,Basic,230.0,1,Moderate Promotion Response
1010,7778.37,10212.07,31.29,Type D,Extended,4610.0,1,Moderate Promotion Response
1011,6729.06,9286.8,38.01,Type A,Extended,490.0,1,Moderate Promotion Response
1012,5612.73,6604.71,17.67,Type D,Extended,6330.0,1,Low Promotion Response
1013,3129.54,5052.6,61.45,Type A,Basic,630.0,1,High Promotion Response
1014,9297.69,15772.55,69.64,Type A,Extended,210.0,1,High Promotion Response
1015,5161.36,7117.02,37.89,Type D,Extended,9910.0,1,Moderate Promotion Response
1016,4104.46,7008.91,70.76,Type C,Extended,550.0,1,High Promotion Response
1017,6207.8,8463.03,36.33,Type C,Basic,110.0,0,Moderate Promotion Response
1018,10572.55,13184.68,24.71,Type C,Extended,140.0,0,Low Promotion Response
1019,7527.8,11023.86,46.44,Type D,Extended,2740.0,1,Moderate Promotion Response
1020,8260.74,9982.77,20.85,Type A,Basic,40.0,0,Low Promotion Response
1021,8381.22,9483.02,13.15,Type A,Basic,1080.0,0,Low Promotion Response
1022,6036.12,8904.81,47.53,Type A,Extended,1520.0,0,Moderate Promotion Response
1023,5210.28,7298.41,40.08,Type C,Basic,3740.0,1,Moderate Promotion Response
1024,5453.98,6967.55,27.75,Type C,Extended,1990.0,0,Low Promotion Response
1025,6520.8,8538.18,30.94,Type A,Basic,720.0,0,Moderate Promotion Response
1026,7641.14,11768.68,54.02,Type C,Basic,450.0,1,High Promotion Response
1027,10665.01,16190.63,51.81,Type A,Extended,190.0,1,High Promotion Response
1028,3543.46,6190.22,74.69,Type A,Basic,150.0,1,High Promotion Response
1029,4215.97,6883.81,63.28,Type A,Basic,1590.0,0,High Promotion Response
1030,2652.8,4781.4,80.24,Type A,Basic,36410.0,0,High Promotion Response
1031,3825.73,6091.79,59.23,Type D,Basic,590.0,0,High Promotion Response
1032,7401.5,11387.5,53.85,Type D,Extended,270.0,1,High Promotion Response
1033,11638.77,16583.46,42.48,Type A,Basic,7680.0,0,Moderate Promotion Response
1034,4787.16,8591.02,79.46,Type A,Basic,13750.0,0,High Promotion Response
1035,3586.05,6445.92,79.75,Type A,Basic,27150.0,0,High Promotion Response
1036,4470.3,5618.55,25.69,Type D,Extended,9560.0,1,Low Promotion Response
1037,6040.79,7964.47,31.84,Type A,Extended,150.0,0,Moderate Promotion Response
1038,5182.61,6804.92,31.3,Type D,Basic,17290.0,0,Moderate Promotion Response
1039,7393.97,9196.62,24.38,Type A,Extended,70.0,1,Low Promotion Response
1040,7143.18,10602.67,48.43,Type A,Basic,4030.0,1,Moderate Promotion Response
1041,5554.97,6818.82,22.75,Type C,Basic,1600.0,1,Low Promotion Response
1042,3420.76,5002.11,46.23,Type A,Basic,3440.0,1,Moderate Promotion Response
1043,7774.89,10036.98,29.09,Type C,Basic,420.0,0,Low Promotion Response
1044,5760.99,7683.46,33.37,Type C,Basic,240.0,1,Moderate Promotion Response
1045,6529.99,9039.05,38.42,Type A,Extended,26990.0,0,Moderate Promotion Response
1046,7091.09,10662.79,50.37,Type D,Extended,29070.0,0,Moderate Promotion Response
1047,3890.47,6109.2,57.03,Type A,Basic,3750.0,1,High Promotion Response
1048,5704.79,8327.46,45.97,Type D,Extended,1860.0,1,Moderate Promotion Response
1049,3446.8,4669.42,35.47,Type A,Basic,370.0,1,Moderate Promotion Response
1050,6322.2,8703.83,37.67,Type D,Extended,13170.0,1,Moderate Promotion Response
1051,6140.36,9156.11,49.11,Type C,Basic,200.0,1,Moderate Promotion Response
1052,6019.92,8800.9,46.2,Type A,Extended,5080.0,1,Moderate Promotion Response
1053,7124.59,11139.46,56.35,Type A,Basic,1710.0,0,High Promotion Response
1054,4904.59,7413.48,51.15,Type A,Extended,13190.0,1,Moderate Promotion Response
1055,6778.59,9305.55,37.28,Type C,Basic,1980.0,0,Moderate Promotion Response
1056,3469.45,4393.42,26.63,Type D,Extended,5350.0,1,Low Promotion Response
1057,5865.43,7105.99,21.15,Type D,Extended,3230.0,0,Low Promotion Response
1058,5941.52,8883.51,49.52,Type A,Extended,180.0,1,Moderate Promotion Response
1059,7441.86,9624.38,29.33,Type C,Basic,3380.0,0,Low Promotion Response
1060,6151.28,8768.79,42.55,Type A,Extended,3430.0,1,Moderate Promotion Response
1061,6669.78,8251.82,23.72,Type D,Extended,8110.0,0,Low Promotion Response
1062,5153.36,7941.33,54.1,Type D,Basic,190.0,1,High Promotion Response
1063,3592.2,5100.42,41.99,Type A,Extended,6250.0,0,Moderate Promotion Response
1064,8255.89,10926.05,32.34,Type A,Extended,420.0,0,Moderate Promotion Response
1065,3517.03,5063.26,43.96,Type A,Basic,1290.0,1,Moderate Promotion Response
1066,10177.75,12172.37,19.6,Type A,Basic,3350.0,0,Low Promotion Response
1067,5081.15,6613.53,30.16,Type D,Extended,12020.0,0,Moderate Promotion Response
1068,3967.44,5025.99,26.68,Type D,Extended,5010.0,1,Low Promotion Response
1069,4929.0,7977.85,61.86,Type A,Extended,18050.0,1,High Promotion Response
1070,6136.52,8131.37,32.51,Type C,Extended,400.0,0,Moderate Promotion Response
1071,5160.65,7085.29,37.29,Type A,Basic,820.0,1,Moderate Promotion Response
1072,5521.76,8415.53,52.41,Type A,Extended,5380.0,1,High Promotion Response
1073,6297.53,8477.09,34.61,Type A,Extended,1710.0,1,Moderate Promotion Response
1074,4253.63,6231.58,46.5,Type C,Extended,3330.0,1,Moderate Promotion Response
1075,11170.07,11870.38,6.27,Type A,Extended,1410.0,0,Low Promotion Response
1076,3080.84,4280.91,38.95,Type A,Extended,90.0,1,Moderate Promotion Response
1077,3627.05,5547.21,52.94,Type A,Basic,3750.0,1,High Promotion Response
1078,5348.77,8607.05,60.92,Type D,Extended,670.0,1,High Promotion Response
1079,6853.33,10941.27,59.65,Type A,Basic,16680.0,1,High Promotion Response
1080,9273.25,11356.08,22.46,Type A,Basic,2410.0,1,Low Promotion Response
1081,4809.87,7761.24,61.36,Type B,Basic,400.0,0,High Promotion Response
1082,6045.09,8260.33,36.65,Type C,Basic,440.0,0,Moderate Promotion Response
1083,4708.43,5685.66,20.75,Type D,Extended,11540.0,1,Low Promotion Response
1084,5616.65,7075.31,25.97,Type A,Basic,190.0,1,Low Promotion Response
1085,6213.09,9220.59,48.41,Type C,Basic,4030.0,0,Moderate Promotion Response
1086,5769.59,10026.75,73.79,Type A,Basic,180.0,1,High Promotion Response
1087,5538.55,7190.18,29.82,Type D,Extended,2210.0,0,Moderate Promotion Response
1088,3997.51,6417.3,60.53,Type A,Basic,4300.0,1,High Promotion Response
1089,9034.92,11540.73,27.73,Type D,Basic,5220.0,0,Low Promotion Response
1090,4929.77,8305.27,68.47,Type A,Basic,330.0,1,High Promotion Response
1091,6913.93,9939.8,43.76,Type A,Extended,9990.0,0,Moderate Promotion Response
1092,11316.68,12778.29,12.92,Type A,Basic,300.0,1,Low Promotion Response
1093,7451.53,9417.7,26.39,Type C,Extended,10450.0,0,Low Promotion Response
1094,4351.01,4858.84,11.67,Type D,Basic,2380.0,1,Low Promotion Response
1095,3939.87,5804.15,47.32,Type A,Basic,690.0,1,Moderate Promotion Response
1096,4639.23,6458.29,39.21,Type A,Extended,1130.0,1,Moderate Promotion Response
1097,9352.27,10378.87,10.98,Type B,Extra,720.0,0,Low Promotion Response
1098,4206.11,6540.32,55.5,Type A,Basic,1830.0,0,High Promotion Response
1099,6796.58,9184.29,35.13,Type A,Extended,200.0,1,Moderate Promotion Response
1100,4005.5,7147.54,78.44,Type A,Basic,540.0,1,High Promotion Response
1101,8318.36,11991.62,44.16,Type D,Extended,4060.0,0,Moderate Promotion Response
1102,6277.48,7917.63,26.13,Type A,Basic,850.0,1,Low Promotion Response
1103,4266.55,5946.8,39.38,Type D,Extended,1340.0,1,Moderate Promotion Response
1104,4821.69,6273.96,30.12,Type D,Basic,260.0,1,Moderate Promotion Response
1105,3716.95,5603.52,50.76,Type C,Extended,330.0,1,Moderate Promotion Response
1106,4070.48,5899.7,44.94,Type A,Extended,5330.0,1,Moderate Promotion Response
1107,4873.95,7949.92,63.11,Type A,Basic,1400.0,1,High Promotion Response
1108,4047.1,7813.76,93.07,Type A,Basic,540.0,0,High Promotion Response
1109,3982.91,6126.53,53.82,Type C,Basic,3490.0,1,High Promotion Response
1110,3566.62,5707.76,60.03,Type C,Extended,900.0,0,High Promotion Response
1111,4169.63,6578.02,57.76,Type A,Basic,1900.0,1,High Promotion Response
1112,8106.67,12847.23,58.48,Type C,Extended,1880.0,0,High Promotion Response
1113,5942.02,7465.24,25.63,Type A,Extended,9260.0,0,Low Promotion Response
1114,19549.99,22029.86,12.68,Type A,Extended,870.0,0,Low Promotion Response
1115,5512.42,7275.36,31.98,Type D,Extended,5350.0,1,Moderate Promotion Response
