Store,OperatingDays,TotalSales,AverageDailySales,MedianDailySales,SalesStandardDeviation,AverageCustomers,MedianCustomers,AverageSalesPerCustomer,PromoDays,SalesCoefficientOfVariationPct,StoreType,Assortment,CompetitionDistance,Promo2,StoreTypeLabel,AssortmentLabel,AverageSalesRank,CustomerRank,SalesPerCustomerRank
817,784,17057867,21757.48,21872.0,4674.8,3130.57,3182.0,6.94,353,21.49,a,a,140.0,0,Type A,Basic,1,4,1048
262,942,19516842,20718.52,19415.5,4668.88,3402.01,3239.0,6.06,360,22.53,b,a,1180.0,0,Type B,Basic,2,2,1099
1114,784,16202585,20666.56,20412.5,3452.94,3200.95,3179.5,6.45,353,16.71,a,c,870.0,0,Type A,Extended,3,3,1079
251,779,14896870,19123.07,18566.0,3547.64,2450.49,2387.0,7.77,350,18.55,a,c,340.0,0,Type A,Extended,4,7,907
842,622,11553523,18574.8,18330.0,3788.99,1149.24,1139.5,16.06,274,20.4,d,c,1200.0,0,Type D,Extended,5,96,1
513,784,14252406,18179.09,17787.0,3284.6,2096.34,2071.0,8.63,353,18.07,a,a,400.0,0,Type A,Basic,6,14,714
562,942,16927322,17969.56,18029.5,2931.93,3105.05,3127.0,5.76,360,16.32,b,c,1210.0,0,Type B,Extended,7,5,1103
788,784,14082141,17961.91,17494.0,3150.65,1717.9,1714.0,10.44,353,17.54,a,c,1530.0,0,Type A,Extended,8,24,353
383,780,13489879,17294.72,17039.5,2785.81,2205.45,2199.5,7.81,349,16.11,a,c,350.0,0,Type A,Extended,9,13,898
756,779,12911782,16574.82,16367.0,3912.56,2346.57,2287.0,7.04,350,23.61,a,c,50.0,1,Type A,Extended,10,12,1036
